{"type":"FeatureCollection","features":[{"type":"Feature","properties":{"SUBUNIT":"United States"},"geometry":{"type":"MultiPolygon","coordinates":[[[[-74.709,45.004],[-74.663,45.004],[-74.43,45.004],[-74.014,45.005],[-73.598,45.005],[-73.182,45.006],[-72.766,45.006],[-72.35,45.007],[-71.934,45.007],[-71.518,45.008],[-71.419,45.2],[-71.327,45.29],[-71.202,45.26],[-71.135,45.263],[-71.06,45.309],[-71.0,45.337],[-70.96,45.333],[-70.926,45.291],[-70.898,45.262],[-70.865,45.271],[-70.837,45.311],[-70.838,45.366],[-70.799,45.405],[-70.753,45.411],[-70.711,45.409],[-70.69,45.428],[-70.692,45.455],[-70.707,45.499],[-70.702,45.551],[-70.596,45.644],[-70.467,45.707],[-70.421,45.738],[-70.408,45.802],[-70.333,45.868],[-70.296,45.906],[-70.287,45.939],[-70.306,45.98],[-70.304,46.057],[-70.279,46.15],[-70.248,46.251],[-70.18,46.342],[-70.067,46.441],[-70.038,46.571],[-70.008,46.709],[-69.872,46.843],[-69.718,46.995],[-69.63,47.081],[-69.471,47.239],[-69.359,47.351],[-69.302,47.402],[-69.243,47.463],[-69.146,47.445],[-69.05,47.427],[-69.064,47.338],[-69.049,47.274],[-69.003,47.236],[-68.937,47.211],[-68.887,47.203],[-68.829,47.203],[-68.669,47.253],[-68.48,47.286],[-68.377,47.316],[-68.358,47.345],[-68.311,47.354],[-68.235,47.346],[-68.097,47.275],[-67.935,47.168],[-67.807,47.083],[-67.803,46.936],[-67.8,46.78],[-67.798,46.616],[-67.796,46.498],[-67.793,46.337],[-67.79,46.209],[-67.786,46.042],[-67.785,45.953],[-67.767,45.927],[-67.778,45.892],[-67.782,45.874],[-67.781,45.86],[-67.774,45.843],[-67.775,45.818],[-67.792,45.796],[-67.8,45.77],[-67.802,45.728],[-67.785,45.702],[-67.755,45.686],[-67.731,45.686],[-67.699,45.671],[-67.658,45.644],[-67.596,45.621],[-67.531,45.613],[-67.487,45.618],[-67.433,45.603],[-67.414,45.566],[-67.424,45.53],[-67.455,45.514],[-67.488,45.501],[-67.494,45.474],[-67.477,45.446],[-67.454,45.421],[-67.428,45.378],[-67.439,45.34],[-67.462,45.309],[-67.473,45.276],[-67.453,45.248],[-67.4,45.21],[-67.367,45.174],[-67.315,45.154],[-67.291,45.168],[-67.271,45.187],[-67.25,45.201],[-67.213,45.193],[-67.171,45.182],[-67.125,45.169],[-67.13,45.139],[-67.102,45.088],[-67.08,44.989],[-67.114,44.944],[-67.107,44.885],[-67.014,44.868],[-66.991,44.85],[-66.987,44.828],[-67.191,44.676],[-67.364,44.697],[-67.458,44.657],[-67.556,44.645],[-67.599,44.577],[-67.653,44.562],[-67.727,44.567],[-67.79,44.586],[-67.839,44.576],[-67.907,44.454],[-67.963,44.464],[-67.985,44.42],[-68.014,44.401],[-68.057,44.384],[-68.094,44.439],[-68.117,44.491],[-68.152,44.502],[-68.198,44.515],[-68.246,44.515],[-68.277,44.507],[-68.317,44.474],[-68.374,44.445],[-68.417,44.469],[-68.451,44.508],[-68.479,44.446],[-68.521,44.38],[-68.514,44.304],[-68.533,44.259],[-68.572,44.271],[-68.612,44.311],[-68.723,44.342],[-68.812,44.339],[-68.794,44.382],[-68.71,44.443],[-68.736,44.454],[-68.777,44.446],[-68.795,44.454],[-68.766,44.51],[-68.763,44.571],[-68.8,44.549],[-68.847,44.485],[-68.961,44.434],[-68.956,44.348],[-69.064,44.172],[-69.068,44.098],[-69.137,44.038],[-69.226,43.986],[-69.345,44.001],[-69.435,43.956],[-69.481,43.905],[-69.521,43.897],[-69.542,43.963],[-69.557,43.983],[-69.59,43.887],[-69.624,43.881],[-69.637,43.949],[-69.653,43.994],[-69.699,43.955],[-69.73,43.852],[-69.762,43.861],[-69.772,43.899],[-69.795,43.911],[-69.803,43.867],[-69.792,43.805],[-69.808,43.772],[-69.84,43.79],[-69.873,43.82],[-69.926,43.797],[-69.974,43.788],[-69.975,43.818],[-69.965,43.855],[-70.062,43.835],[-70.179,43.766],[-70.269,43.672],[-70.238,43.656],[-70.203,43.626],[-70.36,43.48],[-70.521,43.349],[-70.642,43.134],[-70.691,43.109],[-70.733,43.07],[-70.778,42.941],[-70.829,42.825],[-70.8,42.774],[-70.781,42.721],[-70.736,42.669],[-70.697,42.665],[-70.655,42.674],[-70.624,42.672],[-70.604,42.65],[-70.613,42.623],[-70.661,42.617],[-70.752,42.57],[-70.831,42.553],[-70.871,42.497],[-70.93,42.432],[-71.046,42.331],[-70.997,42.3],[-70.818,42.265],[-70.738,42.229],[-70.618,42.04],[-70.645,42.022],[-70.656,41.987],[-70.549,41.939],[-70.515,41.803],[-70.427,41.757],[-70.295,41.729],[-70.135,41.77],[-70.001,41.826],[-70.006,41.872],[-70.09,41.98],[-70.11,42.03],[-70.173,42.063],[-70.196,42.035],[-70.237,42.071],[-70.241,42.091],[-70.204,42.101],[-70.16,42.097],[-70.109,42.078],[-69.978,41.961],[-69.942,41.808],[-69.934,41.71],[-69.949,41.677],[-69.987,41.684],[-70.06,41.677],[-70.405,41.627],[-70.481,41.582],[-70.657,41.534],[-70.668,41.558],[-70.655,41.608],[-70.666,41.71],[-70.701,41.715],[-70.974,41.549],[-71.08,41.538],[-71.169,41.489],[-71.188,41.516],[-71.204,41.641],[-71.149,41.746],[-71.178,41.744],[-71.271,41.681],[-71.311,41.72],[-71.331,41.762],[-71.359,41.786],[-71.39,41.795],[-71.364,41.703],[-71.427,41.633],[-71.444,41.454],[-71.523,41.379],[-71.769,41.331],[-71.93,41.341],[-72.074,41.326],[-72.265,41.292],[-72.371,41.312],[-72.479,41.276],[-72.847,41.266],[-72.925,41.285],[-73.024,41.216],[-73.182,41.176],[-73.583,41.022],[-73.671,40.966],[-73.779,40.878],[-73.851,40.831],[-73.911,40.816],[-73.947,40.777],[-73.987,40.751],[-73.949,40.839],[-73.907,40.912],[-73.872,41.055],[-73.882,41.171],[-73.925,41.218],[-73.97,41.25],[-73.918,41.136],[-73.909,40.996],[-73.927,40.914],[-74.025,40.756],[-74.067,40.72],[-74.116,40.687],[-74.153,40.673],[-74.187,40.648],[-74.227,40.608],[-74.264,40.529],[-74.242,40.456],[-74.05,40.43],[-73.998,40.452],[-73.972,40.4],[-73.958,40.328],[-73.972,40.251],[-74.004,40.171],[-74.028,40.073],[-74.049,39.923],[-74.08,39.788],[-74.084,39.829],[-74.065,39.993],[-74.096,39.976],[-74.118,39.938],[-74.176,39.727],[-74.257,39.614],[-74.331,39.536],[-74.407,39.549],[-74.39,39.487],[-74.411,39.455],[-74.429,39.387],[-74.474,39.343],[-74.517,39.347],[-74.579,39.316],[-74.603,39.293],[-74.605,39.248],[-74.646,39.208],[-74.794,39.002],[-74.923,38.941],[-74.954,38.95],[-74.92,39.047],[-74.897,39.145],[-74.975,39.188],[-75.05,39.211],[-75.136,39.208],[-75.231,39.284],[-75.353,39.34],[-75.524,39.49],[-75.519,39.532],[-75.524,39.602],[-75.472,39.712],[-75.422,39.79],[-75.353,39.83],[-75.154,39.871],[-75.104,39.932],[-75.074,39.983],[-75.173,39.895],[-75.321,39.865],[-75.401,39.832],[-75.464,39.781],[-75.502,39.717],[-75.588,39.641],[-75.582,39.589],[-75.567,39.553],[-75.574,39.477],[-75.52,39.403],[-75.413,39.281],[-75.392,39.093],[-75.31,38.967],[-75.185,38.819],[-75.089,38.778],[-75.084,38.723],[-75.128,38.632],[-75.187,38.591],[-75.111,38.599],[-75.073,38.579],[-75.036,38.503],[-75.039,38.426],[-75.051,38.383],[-75.074,38.366],[-75.073,38.41],[-75.09,38.425],[-75.117,38.406],[-75.134,38.384],[-75.142,38.298],[-75.16,38.255],[-75.225,38.242],[-75.292,38.129],[-75.354,38.065],[-75.596,37.631],[-75.587,37.559],[-75.632,37.535],[-75.699,37.516],[-75.767,37.473],[-75.812,37.425],[-75.854,37.297],[-75.934,37.152],[-75.985,37.212],[-75.997,37.264],[-75.975,37.398],[-75.888,37.619],[-75.792,37.756],[-75.719,37.821],[-75.659,37.954],[-75.735,37.974],[-75.851,37.972],[-75.829,38.033],[-75.795,38.087],[-75.856,38.14],[-75.891,38.147],[-75.928,38.169],[-75.885,38.214],[-75.864,38.261],[-75.877,38.319],[-75.859,38.362],[-75.889,38.356],[-75.937,38.31],[-75.967,38.291],[-75.986,38.332],[-76.007,38.323],[-76.02,38.295],[-76.051,38.28],[-76.117,38.318],[-76.212,38.361],[-76.265,38.436],[-76.295,38.495],[-76.264,38.6],[-76.198,38.619],[-76.113,38.602],[-76.001,38.602],[-76.017,38.625],[-76.057,38.621],[-76.175,38.707],[-76.213,38.758],[-76.278,38.772],[-76.308,38.723],[-76.341,38.71],[-76.3,38.818],[-76.247,38.823],[-76.168,38.853],[-76.191,38.916],[-76.241,38.943],[-76.331,38.909],[-76.33,38.953],[-76.313,39.009],[-76.245,39.009],[-76.186,38.991],[-76.135,39.082],[-76.133,39.123],[-76.217,39.064],[-76.236,39.192],[-76.153,39.315],[-76.074,39.369],[-75.976,39.367],[-75.876,39.376],[-75.939,39.399],[-76.003,39.411],[-75.955,39.46],[-75.913,39.468],[-75.873,39.511],[-75.97,39.505],[-75.959,39.585],[-76.006,39.569],[-76.063,39.561],[-76.085,39.527],[-76.081,39.47],[-76.097,39.433],[-76.141,39.403],[-76.216,39.38],[-76.223,39.42],[-76.248,39.439],[-76.257,39.352],[-76.276,39.323],[-76.331,39.404],[-76.347,39.388],[-76.345,39.365],[-76.359,39.325],[-76.406,39.304],[-76.403,39.253],[-76.421,39.225],[-76.57,39.269],[-76.574,39.254],[-76.489,39.159],[-76.428,39.126],[-76.42,39.074],[-76.473,39.031],[-76.546,39.068],[-76.559,39.065],[-76.519,39.001],[-76.494,38.945],[-76.52,38.898],[-76.516,38.841],[-76.521,38.788],[-76.537,38.743],[-76.501,38.532],[-76.458,38.475],[-76.416,38.42],[-76.394,38.369],[-76.439,38.362],[-76.51,38.404],[-76.572,38.436],[-76.647,38.539],[-76.659,38.58],[-76.677,38.612],[-76.669,38.538],[-76.642,38.454],[-76.409,38.268],[-76.366,38.197],[-76.333,38.141],[-76.341,38.087],[-76.402,38.125],[-76.454,38.174],[-76.594,38.228],[-76.769,38.263],[-76.868,38.39],[-76.868,38.337],[-76.89,38.292],[-76.95,38.347],[-76.988,38.394],[-77.001,38.445],[-77.077,38.442],[-77.156,38.397],[-77.233,38.408],[-77.242,38.495],[-77.221,38.541],[-77.135,38.65],[-77.054,38.706],[-77.018,38.778],[-77.03,38.889],[-77.046,38.776],[-77.092,38.72],[-77.165,38.677],[-77.26,38.6],[-77.284,38.529],[-77.314,38.397],[-77.273,38.352],[-77.232,38.34],[-77.11,38.37],[-77.047,38.357],[-76.906,38.197],[-76.645,38.134],[-76.55,38.094],[-76.472,38.011],[-76.355,37.963],[-76.264,37.894],[-76.262,37.848],[-76.293,37.794],[-76.306,37.722],[-76.344,37.676],[-76.437,37.67],[-76.492,37.682],[-76.793,37.938],[-76.829,37.962],[-76.94,38.095],[-77.071,38.167],[-77.111,38.166],[-76.925,38.033],[-76.849,37.94],[-76.715,37.81],[-76.62,37.755],[-76.549,37.669],[-76.484,37.629],[-76.306,37.571],[-76.368,37.53],[-76.269,37.495],[-76.254,37.431],[-76.263,37.357],[-76.401,37.386],[-76.405,37.332],[-76.393,37.3],[-76.454,37.274],[-76.538,37.309],[-76.758,37.505],[-76.756,37.479],[-76.738,37.449],[-76.611,37.323],[-76.497,37.247],[-76.401,37.213],[-76.327,37.149],[-76.301,37.111],[-76.283,37.053],[-76.338,37.013],[-76.401,36.991],[-76.462,37.031],[-76.507,37.072],[-76.602,37.143],[-76.631,37.222],[-76.704,37.218],[-77.007,37.318],[-77.251,37.329],[-77.227,37.309],[-77.196,37.296],[-77.002,37.271],[-76.925,37.225],[-76.765,37.184],[-76.672,37.173],[-76.634,37.047],[-76.505,36.961],[-76.488,36.897],[-76.4,36.89],[-76.244,36.953],[-76.144,36.931],[-75.999,36.913],[-75.966,36.862],[-75.942,36.766],[-75.89,36.657],[-75.758,36.229],[-75.559,35.879],[-75.534,35.819],[-75.58,35.872],[-75.728,36.104],[-75.81,36.271],[-75.894,36.567],[-75.918,36.633],[-75.946,36.659],[-75.965,36.638],[-75.973,36.6],[-75.96,36.571],[-75.993,36.474],[-75.978,36.429],[-75.925,36.383],[-75.867,36.268],[-75.82,36.113],[-75.883,36.176],[-75.95,36.209],[-76.055,36.235],[-76.148,36.279],[-76.141,36.215],[-76.15,36.146],[-76.222,36.167],[-76.271,36.19],[-76.227,36.116],[-76.321,36.138],[-76.384,36.134],[-76.424,36.068],[-76.479,36.028],[-76.559,36.015],[-76.679,36.075],[-76.718,36.148],[-76.734,36.229],[-76.74,36.133],[-76.719,36.033],[-76.726,35.958],[-76.611,35.944],[-76.504,35.956],[-76.358,35.953],[-76.264,35.967],[-76.207,35.991],[-76.07,35.97],[-76.06,35.879],[-76.076,35.788],[-76.084,35.691],[-76.046,35.691],[-76.001,35.722],[-75.979,35.896],[-75.854,35.96],[-75.812,35.956],[-75.772,35.9],[-75.759,35.843],[-75.745,35.765],[-75.774,35.647],[-75.966,35.508],[-76.104,35.38],[-76.174,35.354],[-76.275,35.369],[-76.39,35.401],[-76.447,35.408],[-76.49,35.397],[-76.516,35.436],[-76.532,35.508],[-76.577,35.532],[-76.611,35.53],[-76.634,35.453],[-76.741,35.431],[-76.887,35.463],[-77.04,35.527],[-76.974,35.458],[-76.595,35.33],[-76.553,35.306],[-76.513,35.27],[-76.566,35.215],[-76.608,35.153],[-76.613,35.104],[-76.628,35.073],[-76.779,34.99],[-76.861,35.005],[-77.07,35.155],[-76.975,35.025],[-76.899,34.97],[-76.745,34.941],[-76.457,34.989],[-76.362,34.937],[-76.44,34.843],[-76.517,34.777],[-76.618,34.77],[-76.707,34.752],[-76.733,34.707],[-76.797,34.704],[-76.896,34.701],[-77.05,34.697],[-77.134,34.708],[-77.252,34.616],[-77.296,34.603],[-77.358,34.62],[-77.384,34.694],[-77.412,34.731],[-77.413,34.592],[-77.402,34.555],[-77.38,34.527],[-77.518,34.451],[-77.65,34.358],[-77.697,34.332],[-77.751,34.285],[-77.861,34.149],[-77.888,34.05],[-77.928,33.94],[-77.933,33.989],[-77.926,34.073],[-77.953,34.169],[-77.971,33.993],[-78.013,33.912],[-78.406,33.918],[-78.578,33.873],[-78.841,33.724],[-78.92,33.659],[-79.138,33.406],[-79.194,33.244],[-79.238,33.312],[-79.227,33.363],[-79.226,33.405],[-79.281,33.315],[-79.229,33.185],[-79.276,33.135],[-79.42,33.043],[-79.499,33.027],[-79.587,33.001],[-79.615,32.909],[-79.735,32.825],[-79.805,32.787],[-79.933,32.81],[-79.894,32.729],[-79.941,32.667],[-80.022,32.62],[-80.123,32.589],[-80.18,32.593],[-80.23,32.577],[-80.268,32.537],[-80.363,32.501],[-80.461,32.521],[-80.572,32.534],[-80.634,32.512],[-80.53,32.475],[-80.474,32.423],[-80.486,32.352],[-80.514,32.324],[-80.579,32.287],[-80.608,32.293],[-80.626,32.326],[-80.647,32.396],[-80.678,32.381],[-80.683,32.349],[-80.709,32.337],[-80.803,32.448],[-80.798,32.363],[-80.765,32.298],[-80.734,32.265],[-80.702,32.246],[-80.694,32.216],[-80.758,32.142],[-80.791,32.126],[-80.849,32.114],[-80.882,32.069],[-80.872,32.03],[-80.923,31.945],[-81.046,31.892],[-81.083,31.894],[-81.113,31.879],[-81.096,31.841],[-81.065,31.813],[-81.066,31.788],[-81.098,31.753],[-81.162,31.744],[-81.198,31.704],[-81.187,31.667],[-81.166,31.646],[-81.17,31.61],[-81.242,31.574],[-81.259,31.539],[-81.223,31.528],[-81.196,31.539],[-81.175,31.531],[-81.219,31.472],[-81.258,31.436],[-81.295,31.371],[-81.381,31.353],[-81.378,31.332],[-81.329,31.314],[-81.288,31.264],[-81.365,31.172],[-81.413,31.179],[-81.442,31.2],[-81.46,31.127],[-81.453,31.088],[-81.471,31.009],[-81.501,30.914],[-81.52,30.875],[-81.516,30.802],[-81.504,30.731],[-81.457,30.641],[-81.386,30.27],[-81.337,30.141],[-81.25,29.794],[-81.105,29.457],[-80.9,29.05],[-80.564,28.556],[-80.524,28.486],[-80.568,28.426],[-80.581,28.365],[-80.585,28.272],[-80.573,28.181],[-80.533,28.07],[-80.457,27.901],[-80.5,27.934],[-80.61,28.178],[-80.623,28.32],[-80.607,28.523],[-80.633,28.518],[-80.654,28.452],[-80.665,28.375],[-80.694,28.345],[-80.732,28.463],[-80.729,28.516],[-80.688,28.579],[-80.7,28.601],[-80.766,28.633],[-80.78,28.683],[-80.771,28.732],[-80.809,28.759],[-80.838,28.758],[-80.818,28.636],[-80.787,28.561],[-80.749,28.381],[-80.686,28.272],[-80.65,28.181],[-80.226,27.207],[-80.126,27.083],[-80.089,26.994],[-80.05,26.808],[-80.041,26.569],[-80.111,26.132],[-80.126,25.833],[-80.136,25.843],[-80.143,25.874],[-80.159,25.878],[-80.219,25.742],[-80.301,25.619],[-80.328,25.427],[-80.367,25.331],[-80.485,25.23],[-80.558,25.232],[-80.737,25.156],[-80.862,25.176],[-81.012,25.133],[-81.11,25.138],[-81.167,25.229],[-81.159,25.269],[-81.136,25.31],[-81.098,25.319],[-80.965,25.224],[-80.94,25.264],[-80.98,25.312],[-81.057,25.338],[-81.113,25.367],[-81.227,25.583],[-81.345,25.732],[-81.365,25.831],[-81.568,25.892],[-81.715,25.983],[-81.811,26.146],[-81.867,26.435],[-81.931,26.467],[-81.959,26.49],[-81.896,26.597],[-81.829,26.687],[-81.882,26.665],[-81.921,26.631],[-81.97,26.552],[-82.006,26.54],[-82.04,26.552],[-82.078,26.704],[-82.067,26.892],[-82.013,26.962],[-82.096,26.963],[-82.181,26.937],[-82.169,26.874],[-82.181,26.84],[-82.243,26.849],[-82.29,26.871],[-82.354,26.936],[-82.441,27.06],[-82.62,27.401],[-82.655,27.449],[-82.715,27.5],[-82.687,27.515],[-82.636,27.525],[-82.521,27.678],[-82.431,27.771],[-82.401,27.835],[-82.406,27.863],[-82.446,27.903],[-82.498,27.868],[-82.521,27.878],[-82.58,27.958],[-82.636,27.981],[-82.675,27.964],[-82.634,27.898],[-82.597,27.873],[-82.611,27.777],[-82.626,27.746],[-82.661,27.718],[-82.715,27.733],[-82.743,27.709],[-82.775,27.734],[-82.808,27.777],[-82.844,27.846],[-82.749,28.237],[-82.661,28.486],[-82.651,28.77],[-82.644,28.812],[-82.651,28.887],[-82.769,29.052],[-83.29,29.452],[-83.694,29.926],[-84.044,30.104],[-84.31,30.065],[-84.356,30.029],[-84.375,29.982],[-84.359,29.929],[-84.383,29.907],[-84.454,29.91],[-84.55,29.898],[-84.801,29.773],[-84.889,29.778],[-84.969,29.745],[-85.029,29.721],[-85.186,29.708],[-85.319,29.68],[-85.376,29.695],[-85.414,29.768],[-85.414,29.842],[-85.383,29.785],[-85.336,29.74],[-85.315,29.758],[-85.307,29.798],[-85.354,29.876],[-85.504,29.976],[-85.676,30.122],[-85.623,30.117],[-85.61,30.148],[-85.663,30.189],[-85.641,30.237],[-85.604,30.287],[-85.676,30.279],[-85.741,30.244],[-85.743,30.201],[-85.756,30.167],[-85.791,30.172],[-85.856,30.214],[-86.175,30.333],[-86.454,30.399],[-86.24,30.429],[-86.124,30.406],[-86.138,30.442],[-86.166,30.464],[-86.257,30.493],[-86.374,30.482],[-86.448,30.496],[-86.523,30.467],[-86.606,30.425],[-86.68,30.403],[-86.968,30.372],[-87.201,30.339],[-87.164,30.374],[-87.124,30.397],[-86.986,30.431],[-86.965,30.502],[-86.998,30.57],[-87.034,30.554],[-87.072,30.5],[-87.119,30.539],[-87.171,30.539],[-87.185,30.454],[-87.251,30.397],[-87.281,30.339],[-87.476,30.294],[-87.501,30.309],[-87.444,30.364],[-87.448,30.394],[-87.513,30.368],[-87.622,30.265],[-88.006,30.231],[-87.985,30.254],[-87.904,30.259],[-87.79,30.292],[-87.813,30.347],[-87.857,30.407],[-87.898,30.414],[-87.924,30.45],[-87.923,30.562],[-87.949,30.627],[-88.011,30.694],[-88.032,30.681],[-88.078,30.566],[-88.117,30.415],[-88.135,30.367],[-88.249,30.363],[-88.35,30.373],[-88.692,30.355],[-88.82,30.406],[-88.873,30.416],[-88.905,30.415],[-89.054,30.368],[-89.224,30.332],[-89.264,30.344],[-89.321,30.345],[-89.444,30.223],[-89.588,30.166],[-89.954,30.269],[-90.045,30.351],[-90.126,30.369],[-90.225,30.379],[-90.332,30.278],[-90.413,30.14],[-90.285,30.065],[-90.175,30.029],[-89.994,30.059],[-89.894,30.126],[-89.812,30.124],[-89.773,30.137],[-89.737,30.172],[-89.668,30.145],[-89.665,30.117],[-89.715,30.078],[-89.777,30.046],[-89.815,30.007],[-89.744,29.93],[-89.632,29.904],[-89.59,29.915],[-89.563,30.002],[-89.494,30.058],[-89.401,30.046],[-89.414,30.011],[-89.401,29.978],[-89.358,29.921],[-89.363,29.84],[-89.354,29.82],[-89.455,29.784],[-89.531,29.772],[-89.591,29.725],[-89.559,29.698],[-89.621,29.674],[-89.662,29.684],[-89.683,29.675],[-89.689,29.646],[-89.721,29.619],[-89.675,29.539],[-89.58,29.486],[-89.514,29.42],[-89.246,29.333],[-89.181,29.336],[-89.117,29.248],[-89.065,29.218],[-89.016,29.203],[-89.021,29.143],[-89.11,29.099],[-89.133,29.046],[-89.156,29.017],[-89.195,29.054],[-89.236,29.081],[-89.331,28.999],[-89.376,28.981],[-89.354,29.07],[-89.389,29.105],[-89.443,29.194],[-89.522,29.249],[-89.577,29.268],[-89.62,29.302],[-89.672,29.317],[-89.717,29.313],[-89.792,29.333],[-89.797,29.381],[-89.818,29.416],[-89.877,29.458],[-90.159,29.537],[-90.161,29.504],[-90.141,29.48],[-90.101,29.463],[-90.052,29.431],[-90.053,29.337],[-90.074,29.297],[-90.083,29.24],[-90.101,29.182],[-90.136,29.136],[-90.213,29.105],[-90.247,29.131],[-90.302,29.256],[-90.379,29.295],[-90.502,29.3],[-90.586,29.272],[-90.677,29.151],[-90.751,29.131],[-91.003,29.194],[-91.29,29.289],[-91.283,29.321],[-91.237,29.331],[-91.151,29.318],[-91.155,29.351],[-91.244,29.457],[-91.26,29.505],[-91.249,29.564],[-91.278,29.563],[-91.331,29.514],[-91.514,29.555],[-91.565,29.605],[-91.672,29.746],[-91.824,29.751],[-91.893,29.836],[-92.017,29.8],[-92.08,29.761],[-92.135,29.699],[-92.114,29.668],[-92.059,29.617],[-92.084,29.593],[-92.261,29.557],[-92.671,29.597],[-92.791,29.635],[-92.952,29.714],[-93.176,29.779],[-93.283,29.789],[-93.388,29.777],[-93.695,29.77],[-93.766,29.753],[-93.826,29.725],[-93.866,29.756],[-93.884,29.81],[-93.848,29.819],[-93.809,29.851],[-93.773,29.914],[-93.769,29.952],[-93.794,29.977],[-93.841,29.98],[-93.946,29.815],[-93.886,29.723],[-93.89,29.689],[-94.1,29.67],[-94.574,29.485],[-94.76,29.384],[-94.75,29.418],[-94.526,29.548],[-94.605,29.568],[-94.733,29.535],[-94.778,29.548],[-94.724,29.655],[-94.742,29.75],[-94.832,29.753],[-94.89,29.677],[-94.93,29.68],[-94.982,29.713],[-95.023,29.702],[-94.993,29.531],[-94.936,29.46],[-94.888,29.371],[-95.018,29.259],[-95.139,29.168],[-95.152,29.079],[-95.273,28.964],[-95.388,28.898],[-95.656,28.745],[-95.732,28.712],[-95.853,28.64],[-96.02,28.587],[-96.181,28.502],[-96.235,28.489],[-96.132,28.561],[-96.011,28.632],[-96.115,28.622],[-96.275,28.655],[-96.373,28.657],[-96.374,28.631],[-96.449,28.594],[-96.526,28.648],[-96.56,28.684],[-96.576,28.716],[-96.608,28.723],[-96.64,28.709],[-96.525,28.489],[-96.475,28.479],[-96.421,28.457],[-96.489,28.406],[-96.562,28.367],[-96.676,28.341],[-96.774,28.422],[-96.795,28.321],[-96.807,28.22],[-96.84,28.194],[-96.892,28.158],[-96.92,28.185],[-96.933,28.224],[-96.967,28.19],[-97.015,28.163],[-97.096,28.158],[-97.156,28.144],[-97.155,28.103],[-97.141,28.061],[-97.034,28.094],[-97.073,27.986],[-97.171,27.88],[-97.252,27.854],[-97.374,27.87],[-97.404,27.859],[-97.431,27.837],[-97.289,27.671],[-97.38,27.419],[-97.439,27.328],[-97.48,27.317],[-97.524,27.314],[-97.682,27.395],[-97.768,27.458],[-97.692,27.287],[-97.485,27.237],[-97.475,27.173],[-97.476,27.118],[-97.517,27.053],[-97.555,26.967],[-97.527,26.908],[-97.494,26.76],[-97.466,26.692],[-97.435,26.486],[-97.402,26.397],[-97.214,26.068],[-97.15,26.065],[-97.14,26.03],[-97.146,25.961],[-97.282,25.942],[-97.339,25.911],[-97.35,25.885],[-97.358,25.871],[-97.376,25.872],[-97.44,25.891],[-97.587,25.984],[-97.801,26.042],[-98.083,26.064],[-98.275,26.111],[-98.378,26.182],[-98.486,26.225],[-98.598,26.238],[-98.691,26.276],[-98.765,26.34],[-98.873,26.381],[-99.015,26.399],[-99.108,26.447],[-99.172,26.564],[-99.172,26.566],[-99.23,26.762],[-99.302,26.885],[-99.444,27.037],[-99.456,27.057],[-99.457,27.057],[-99.458,27.082],[-99.44,27.17],[-99.455,27.234],[-99.5,27.285],[-99.51,27.34],[-99.486,27.398],[-99.484,27.467],[-99.505,27.548],[-99.595,27.636],[-99.754,27.73],[-99.89,27.867],[-100.001,28.048],[-100.112,28.173],[-100.221,28.243],[-100.296,28.328],[-100.336,28.428],[-100.348,28.486],[-100.332,28.503],[-100.399,28.614],[-100.55,28.821],[-100.636,28.973],[-100.659,29.069],[-100.755,29.183],[-100.924,29.315],[-101.016,29.401],[-101.039,29.46],[-101.039,29.46],[-101.304,29.634],[-101.38,29.743],[-101.44,29.777],[-101.509,29.773],[-101.545,29.784],[-101.546,29.808],[-101.569,29.809],[-101.612,29.787],[-101.752,29.782],[-101.991,29.796],[-102.163,29.825],[-102.269,29.871],[-102.343,29.865],[-102.386,29.807],[-102.476,29.769],[-102.615,29.752],[-102.734,29.644],[-102.834,29.444],[-102.878,29.315],[-102.866,29.258],[-102.892,29.216],[-102.957,29.19],[-103.023,29.132],[-103.09,29.042],[-103.168,28.998],[-103.258,29.001],[-103.423,29.071],[-103.664,29.207],[-103.853,29.291],[-103.99,29.323],[-104.111,29.386],[-104.216,29.48],[-104.312,29.542],[-104.401,29.574],[-104.504,29.678],[-104.622,29.854],[-104.681,29.991],[-104.681,30.134],[-104.836,30.448],[-104.918,30.583],[-104.979,30.646],[-105.098,30.721],[-105.276,30.807],[-105.514,30.981],[-105.813,31.241],[-106.024,31.398],[-106.148,31.451],[-106.256,31.545],[-106.347,31.679],[-106.436,31.764],[-106.445,31.768],[-106.453,31.77],[-106.673,31.771],[-106.893,31.772],[-107.113,31.774],[-107.333,31.775],[-107.552,31.776],[-107.772,31.777],[-107.992,31.778],[-108.212,31.779],[-108.213,31.667],[-108.213,31.554],[-108.214,31.442],[-108.214,31.329],[-108.568,31.329],[-108.921,31.328],[-109.275,31.327],[-109.628,31.327],[-109.982,31.326],[-110.335,31.326],[-110.689,31.325],[-111.042,31.324],[-111.516,31.472],[-111.99,31.62],[-112.465,31.768],[-112.939,31.916],[-113.413,32.064],[-113.887,32.212],[-114.362,32.36],[-114.836,32.508],[-114.788,32.565],[-114.725,32.715],[-114.839,32.705],[-115.125,32.683],[-115.411,32.662],[-115.698,32.64],[-115.984,32.619],[-116.27,32.598],[-116.556,32.576],[-116.842,32.555],[-117.128,32.533],[-117.13,32.54],[-117.137,32.649],[-117.184,32.688],[-117.243,32.664],[-117.271,32.806],[-117.256,32.873],[-117.263,32.939],[-117.319,33.1],[-117.467,33.296],[-117.789,33.538],[-117.952,33.62],[-118.081,33.722],[-118.162,33.751],[-118.264,33.759],[-118.294,33.712],[-118.41,33.744],[-118.393,33.858],[-118.506,34.017],[-118.599,34.035],[-118.832,34.024],[-119.144,34.112],[-119.236,34.164],[-119.268,34.257],[-119.414,34.339],[-119.606,34.418],[-119.713,34.4],[-119.853,34.412],[-120.053,34.469],[-120.17,34.476],[-120.396,34.46],[-120.481,34.472],[-120.56,34.544],[-120.645,34.58],[-120.627,34.669],[-120.638,34.749],[-120.625,34.812],[-120.663,34.949],[-120.634,35.076],[-120.659,35.122],[-120.707,35.158],[-120.857,35.21],[-120.885,35.275],[-120.86,35.365],[-120.9,35.425],[-121.023,35.481],[-121.138,35.607],[-121.284,35.676],[-121.344,35.792],[-121.434,35.864],[-121.465,35.927],[-121.664,36.154],[-121.877,36.331],[-121.91,36.433],[-121.919,36.572],[-121.835,36.657],[-121.79,36.732],[-121.795,36.801],[-121.807,36.851],[-121.881,36.939],[-122.164,36.991],[-122.395,37.208],[-122.408,37.373],[-122.499,37.543],[-122.5,37.653],[-122.514,37.772],[-122.446,37.798],[-122.384,37.789],[-122.39,37.741],[-122.37,37.656],[-122.298,37.592],[-122.229,37.564],[-122.166,37.502],[-122.119,37.483],[-122.071,37.478],[-122.097,37.518],[-122.124,37.544],[-122.158,37.626],[-122.222,37.732],[-122.296,37.79],[-122.333,37.897],[-122.365,37.921],[-122.385,37.961],[-122.314,38.007],[-122.217,38.041],[-122.087,38.05],[-121.717,38.034],[-121.638,38.061],[-121.573,38.052],[-121.525,38.056],[-121.626,38.084],[-121.682,38.075],[-121.749,38.08],[-121.881,38.075],[-121.934,38.087],[-121.993,38.12],[-122.031,38.124],[-122.154,38.066],[-122.208,38.073],[-122.337,38.136],[-122.393,38.145],[-122.484,38.109],[-122.495,37.954],[-122.467,37.838],[-122.521,37.826],[-122.584,37.874],[-122.681,37.902],[-122.76,37.946],[-122.873,38.026],[-122.932,38.055],[-122.999,37.989],[-123.001,38.019],[-122.968,38.097],[-122.978,38.227],[-122.877,38.123],[-122.908,38.197],[-122.987,38.277],[-123.046,38.305],[-123.121,38.449],[-123.29,38.536],[-123.425,38.676],[-123.701,38.907],[-123.72,39.111],[-123.82,39.368],[-123.778,39.515],[-123.783,39.619],[-123.833,39.775],[-123.884,39.861],[-124.108,40.095],[-124.324,40.252],[-124.357,40.371],[-124.372,40.491],[-124.325,40.598],[-124.284,40.711],[-124.254,40.74],[-124.242,40.728],[-124.251,40.704],[-124.22,40.696],[-124.208,40.746],[-124.19,40.772],[-124.223,40.775],[-124.219,40.791],[-124.2,40.822],[-124.133,40.97],[-124.14,41.156],[-124.069,41.384],[-124.072,41.46],[-124.118,41.622],[-124.163,41.719],[-124.245,41.788],[-124.209,41.889],[-124.212,41.985],[-124.355,42.123],[-124.41,42.304],[-124.421,42.381],[-124.406,42.584],[-124.444,42.67],[-124.54,42.813],[-124.499,42.937],[-124.454,43.012],[-124.347,43.342],[-124.321,43.368],[-124.275,43.367],[-124.197,43.423],[-124.233,43.436],[-124.288,43.41],[-124.239,43.54],[-124.184,43.652],[-124.149,43.692],[-124.131,44.056],[-124.099,44.334],[-124.047,44.425],[-124.065,44.52],[-124.045,44.648],[-124.059,44.778],[-123.949,45.401],[-123.963,45.476],[-123.929,45.577],[-123.961,45.843],[-123.947,46.141],[-123.975,46.178],[-123.989,46.219],[-123.963,46.225],[-123.912,46.182],[-123.674,46.183],[-123.522,46.223],[-123.466,46.209],[-123.402,46.155],[-123.322,46.144],[-123.221,46.154],[-123.251,46.167],[-123.299,46.171],[-123.405,46.221],[-123.465,46.271],[-123.65,46.268],[-123.688,46.3],[-123.896,46.268],[-123.96,46.301],[-124.073,46.279],[-124.045,46.373],[-124.05,46.491],[-124.044,46.605],[-124.016,46.521],[-123.946,46.433],[-123.912,46.533],[-123.889,46.66],[-123.958,46.709],[-124.072,46.745],[-124.113,46.863],[-123.843,46.963],[-123.986,46.984],[-124.042,47.03],[-124.112,47.035],[-124.117,47.0],[-124.139,46.955],[-124.164,47.015],[-124.171,47.087],[-124.199,47.209],[-124.309,47.405],[-124.376,47.659],[-124.46,47.784],[-124.621,47.904],[-124.663,47.974],[-124.702,48.152],[-124.68,48.286],[-124.71,48.38],[-124.633,48.375],[-124.429,48.301],[-124.175,48.242],[-124.099,48.2],[-123.976,48.168],[-123.294,48.12],[-123.25,48.124],[-123.162,48.155],[-123.124,48.151],[-123.024,48.082],[-122.974,48.073],[-122.909,48.077],[-122.861,48.09],[-122.779,48.138],[-122.768,48.12],[-122.769,48.076],[-122.74,48.013],[-122.679,47.932],[-122.657,47.881],[-122.778,47.738],[-122.802,47.735],[-122.805,47.784],[-122.821,47.793],[-123.051,47.552],[-123.131,47.438],[-123.139,47.386],[-123.136,47.356],[-123.104,47.348],[-123.031,47.36],[-122.922,47.408],[-122.917,47.418],[-123.018,47.401],[-123.067,47.4],[-123.06,47.454],[-123.049,47.479],[-122.982,47.559],[-122.913,47.607],[-122.814,47.659],[-122.757,47.701],[-122.718,47.762],[-122.608,47.835],[-122.588,47.856],[-122.593,47.916],[-122.586,47.928],[-122.533,47.92],[-122.511,47.816],[-122.524,47.769],[-122.618,47.713],[-122.63,47.693],[-122.614,47.616],[-122.628,47.608],[-122.664,47.617],[-122.675,47.612],[-122.586,47.528],[-122.557,47.463],[-122.554,47.405],[-122.578,47.293],[-122.604,47.275],[-122.649,47.281],[-122.708,47.316],[-122.721,47.305],[-122.768,47.218],[-122.783,47.226],[-122.813,47.329],[-122.828,47.337],[-122.92,47.29],[-122.956,47.245],[-122.988,47.173],[-123.028,47.139],[-122.914,47.131],[-122.812,47.146],[-122.73,47.112],[-122.702,47.111],[-122.627,47.144],[-122.604,47.167],[-122.542,47.276],[-122.511,47.295],[-122.465,47.296],[-122.42,47.312],[-122.354,47.372],[-122.351,47.395],[-122.375,47.528],[-122.368,47.604],[-122.381,47.628],[-122.41,47.653],[-122.407,47.677],[-122.384,47.716],[-122.382,47.752],[-122.402,47.784],[-122.393,47.821],[-122.33,47.899],[-122.318,47.933],[-122.242,48.011],[-122.261,48.042],[-122.317,48.08],[-122.353,48.114],[-122.389,48.166],[-122.416,48.184],[-122.425,48.176],[-122.387,48.09],[-122.395,48.084],[-122.494,48.13],[-122.517,48.16],[-122.529,48.199],[-122.52,48.229],[-122.467,48.258],[-122.403,48.269],[-122.409,48.294],[-122.488,48.374],[-122.542,48.411],[-122.583,48.429],[-122.638,48.433],[-122.662,48.446],[-122.669,48.465],[-122.657,48.49],[-122.628,48.498],[-122.543,48.488],[-122.497,48.506],[-122.501,48.538],[-122.515,48.555],[-122.513,48.669],[-122.545,48.762],[-122.562,48.778],[-122.58,48.78],[-122.599,48.767],[-122.653,48.764],[-122.686,48.794],[-122.722,48.853],[-122.789,48.993],[-122.686,48.993],[-122.26,48.993],[-121.834,48.993],[-121.407,48.993],[-120.981,48.993],[-120.554,48.993],[-120.128,48.993],[-119.702,48.993],[-119.275,48.993],[-118.849,48.993],[-118.423,48.993],[-117.996,48.993],[-117.57,48.993],[-117.143,48.993],[-116.717,48.993],[-116.291,48.993],[-115.864,48.993],[-115.438,48.993],[-115.012,48.993],[-114.585,48.993],[-114.159,48.993],[-113.732,48.993],[-113.306,48.993],[-112.88,48.993],[-112.453,48.993],[-112.027,48.993],[-111.6,48.993],[-111.174,48.993],[-110.748,48.993],[-110.321,48.993],[-109.895,48.993],[-109.469,48.993],[-109.042,48.993],[-108.616,48.993],[-108.189,48.993],[-107.763,48.993],[-107.337,48.993],[-106.91,48.993],[-106.484,48.993],[-106.057,48.993],[-105.631,48.993],[-105.205,48.993],[-104.778,48.993],[-104.352,48.993],[-103.926,48.993],[-103.499,48.993],[-103.073,48.993],[-102.646,48.993],[-102.22,48.993],[-101.794,48.993],[-101.367,48.993],[-100.941,48.993],[-100.515,48.993],[-100.088,48.993],[-99.662,48.993],[-99.235,48.993],[-98.809,48.993],[-98.383,48.993],[-97.956,48.993],[-97.53,48.993],[-97.103,48.993],[-96.677,48.993],[-96.251,48.993],[-95.824,48.993],[-95.398,48.993],[-95.162,48.992],[-95.158,49.203],[-95.155,49.37],[-94.939,49.349],[-94.875,49.319],[-94.854,49.305],[-94.86,49.259],[-94.843,49.119],[-94.803,49.003],[-94.713,48.863],[-94.713,48.863],[-94.705,48.808],[-94.675,48.774],[-94.621,48.743],[-94.414,48.704],[-94.055,48.659],[-93.852,48.607],[-93.804,48.549],[-93.708,48.525],[-93.564,48.537],[-93.464,48.561],[-93.378,48.617],[-93.258,48.629],[-93.155,48.625],[-93.052,48.62],[-92.996,48.612],[-92.837,48.568],[-92.733,48.532],[-92.583,48.465],[-92.501,48.435],[-92.461,48.366],[-92.415,48.277],[-92.348,48.277],[-92.299,48.329],[-92.172,48.338],[-92.005,48.302],[-91.858,48.198],[-91.647,48.105],[-91.518,48.058],[-91.387,48.059],[-91.221,48.105],[-91.043,48.194],[-90.916,48.209],[-90.84,48.201],[-90.797,48.131],[-90.744,48.105],[-90.607,48.113],[-90.32,48.099],[-90.092,48.118],[-90.04,48.078],[-89.994,48.015],[-89.901,47.995],[-89.775,48.015],[-89.551,48.0],[-89.456,47.996],[-89.273,48.02],[-89.186,48.047],[-89.063,48.094],[-88.899,48.156],[-88.612,48.264],[-88.378,48.303],[-88.161,48.225],[-87.987,48.157],[-87.921,48.13],[-87.744,48.061],[-87.494,47.962],[-87.208,47.848],[-86.922,47.735],[-86.672,47.636],[-86.496,47.567],[-86.429,47.54],[-86.234,47.46],[-86.04,47.38],[-85.846,47.3],[-85.652,47.22],[-85.458,47.14],[-85.264,47.06],[-85.07,46.98],[-84.876,46.9],[-84.827,46.767],[-84.779,46.637],[-84.666,46.543],[-84.562,46.457],[-84.502,46.462],[-84.44,46.498],[-84.402,46.516],[-84.337,46.519],[-84.192,46.55],[-84.149,46.543],[-84.125,46.527],[-84.123,46.503],[-84.128,46.484],[-84.15,46.445],[-84.115,46.371],[-84.108,46.289],[-84.088,46.227],[-84.029,46.147],[-83.978,46.085],[-83.913,46.073],[-83.763,46.109],[-83.669,46.123],[-83.616,46.117],[-83.525,46.059],[-83.48,46.024],[-83.469,45.995],[-83.593,45.817],[-83.397,45.729],[-83.179,45.633],[-82.919,45.518],[-82.76,45.448],[-82.551,45.347],[-82.515,45.204],[-82.485,45.084],[-82.447,44.916],[-82.407,44.744],[-82.368,44.573],[-82.327,44.392],[-82.281,44.192],[-82.241,44.015],[-82.197,43.822],[-82.138,43.571],[-82.19,43.474],[-82.305,43.263],[-82.408,43.073],[-82.417,43.017],[-82.488,42.74],[-82.545,42.625],[-82.645,42.558],[-82.744,42.493],[-82.868,42.385],[-83.004,42.332],[-83.073,42.3],[-83.11,42.251],[-83.15,42.142],[-83.142,41.976],[-83.03,41.833],[-82.866,41.753],[-82.69,41.675],[-82.439,41.675],[-82.213,41.779],[-81.974,41.889],[-81.761,41.987],[-81.507,42.103],[-81.278,42.209],[-81.028,42.247],[-80.683,42.3],[-80.248,42.366],[-80.036,42.441],[-79.762,42.539],[-79.446,42.651],[-79.174,42.749],[-79.037,42.802],[-78.939,42.864],[-78.915,42.909],[-78.921,42.935],[-78.946,42.961],[-78.981,42.981],[-79.012,42.997],[-79.026,43.017],[-79.029,43.062],[-79.048,43.087],[-79.066,43.106],[-79.059,43.278],[-79.083,43.331],[-79.172,43.467],[-79.002,43.527],[-78.846,43.583],[-78.72,43.625],[-78.458,43.631],[-78.215,43.631],[-77.879,43.63],[-77.597,43.629],[-77.267,43.627],[-77.073,43.627],[-76.82,43.629],[-76.696,43.785],[-76.586,43.924],[-76.465,44.058],[-76.249,44.214],[-76.186,44.242],[-76.151,44.304],[-76.02,44.363],[-75.876,44.417],[-75.819,44.468],[-75.792,44.497],[-75.401,44.772],[-75.179,44.899],[-74.996,44.97],[-74.857,45.004],[-74.762,44.999],[-74.709,45.004]]],[[[-72.51,40.986],[-72.581,40.921],[-72.517,40.915],[-72.461,40.934],[-72.409,40.972],[-72.287,41.024],[-72.184,41.047],[-72.151,41.051],[-72.102,41.015],[-72.004,41.044],[-71.903,41.061],[-72.339,40.894],[-72.428,40.875],[-72.556,40.826],[-72.676,40.791],[-72.763,40.778],[-73.194,40.654],[-73.229,40.652],[-73.266,40.664],[-73.621,40.6],[-73.767,40.593],[-73.9,40.571],[-73.801,40.622],[-73.799,40.641],[-73.823,40.656],[-73.875,40.652],[-73.929,40.599],[-74.015,40.581],[-74.032,40.639],[-74.003,40.683],[-73.965,40.725],[-73.879,40.792],[-73.757,40.834],[-73.695,40.87],[-73.652,40.838],[-73.643,40.881],[-73.61,40.906],[-73.574,40.92],[-73.487,40.92],[-73.441,40.927],[-73.407,40.941],[-73.373,40.944],[-73.278,40.924],[-73.186,40.93],[-73.111,40.957],[-73.034,40.966],[-72.829,40.972],[-72.625,40.992],[-72.544,41.027],[-72.373,41.126],[-72.274,41.153],[-72.427,41.039],[-72.51,40.986]]],[[[-68.187,44.332],[-68.245,44.313],[-68.309,44.321],[-68.308,44.269],[-68.315,44.25],[-68.386,44.277],[-68.412,44.294],[-68.409,44.364],[-68.347,44.43],[-68.299,44.456],[-68.238,44.438],[-68.191,44.364],[-68.187,44.332]]],[[[-74.188,40.523],[-74.236,40.519],[-74.188,40.615],[-74.1,40.658],[-74.069,40.649],[-74.067,40.615],[-74.08,40.586],[-74.139,40.542],[-74.188,40.523]]],[[[-70.51,41.376],[-70.785,41.327],[-70.829,41.359],[-70.76,41.374],[-70.674,41.449],[-70.616,41.457],[-70.525,41.415],[-70.51,41.376]]],[[[-71.241,41.492],[-71.291,41.465],[-71.346,41.469],[-71.318,41.506],[-71.307,41.56],[-71.28,41.62],[-71.264,41.638],[-71.232,41.654],[-71.241,41.492]]],[[[-69.978,41.266],[-70.055,41.249],[-70.233,41.286],[-70.087,41.318],[-70.063,41.328],[-70.044,41.374],[-70.041,41.397],[-69.986,41.299],[-69.978,41.266]]],[[[-75.636,35.856],[-75.651,35.836],[-75.717,35.946],[-75.649,35.91],[-75.637,35.881],[-75.636,35.856]]],[[[-75.544,35.24],[-75.678,35.213],[-75.69,35.222],[-75.536,35.279],[-75.488,35.479],[-75.481,35.572],[-75.504,35.735],[-75.504,35.769],[-75.479,35.717],[-75.456,35.564],[-75.465,35.449],[-75.509,35.28],[-75.544,35.24]]],[[[-75.782,35.19],[-75.964,35.119],[-75.984,35.123],[-75.865,35.174],[-75.782,35.19]]],[[[-76.504,34.643],[-76.529,34.631],[-76.437,34.756],[-76.256,34.915],[-76.207,34.939],[-76.358,34.804],[-76.504,34.643]]],[[[-82.037,26.454],[-82.073,26.428],[-82.145,26.447],[-82.184,26.481],[-82.201,26.548],[-82.139,26.477],[-82.116,26.461],[-82.037,26.454]]],[[[-82.084,26.552],[-82.085,26.494],[-82.136,26.592],[-82.169,26.701],[-82.121,26.666],[-82.084,26.552]]],[[[-80.382,25.142],[-80.581,24.954],[-80.559,25.001],[-80.481,25.102],[-80.456,25.149],[-80.404,25.179],[-80.355,25.234],[-80.351,25.297],[-80.28,25.341],[-80.257,25.348],[-80.382,25.142]]],[[[-91.794,29.501],[-91.831,29.486],[-91.996,29.573],[-92.007,29.61],[-91.925,29.644],[-91.875,29.641],[-91.796,29.597],[-91.768,29.585],[-91.754,29.567],[-91.762,29.539],[-91.794,29.501]]],[[[-97.014,27.902],[-97.036,27.899],[-96.988,27.981],[-96.979,28.014],[-96.899,28.117],[-96.857,28.133],[-96.84,28.089],[-96.921,28.016],[-97.014,27.902]]],[[[-96.764,28.153],[-96.801,28.148],[-96.756,28.202],[-96.682,28.23],[-96.519,28.333],[-96.453,28.341],[-96.419,28.376],[-96.404,28.382],[-96.413,28.338],[-96.544,28.276],[-96.764,28.153]]],[[[-97.354,27.3],[-97.385,27.243],[-97.376,27.328],[-97.295,27.523],[-97.13,27.779],[-97.061,27.822],[-97.251,27.541],[-97.354,27.3]]],[[[-95.04,29.146],[-95.09,29.136],[-94.872,29.29],[-94.826,29.341],[-94.768,29.339],[-94.865,29.253],[-95.04,29.146]]],[[[-97.171,26.159],[-97.185,26.113],[-97.267,26.33],[-97.402,26.821],[-97.407,27.1],[-97.386,27.196],[-97.351,26.801],[-97.202,26.3],[-97.171,26.159]]],[[[-120.307,34.025],[-120.36,34.022],[-120.442,34.033],[-120.413,34.056],[-120.368,34.073],[-120.353,34.061],[-120.307,34.025]]],[[[-119.438,33.217],[-119.483,33.215],[-119.544,33.225],[-119.575,33.278],[-119.525,33.282],[-119.479,33.275],[-119.442,33.232],[-119.438,33.217]]],[[[-118.35,32.828],[-118.409,32.819],[-118.473,32.839],[-118.529,32.936],[-118.59,33.011],[-118.557,33.033],[-118.507,32.96],[-118.383,32.849],[-118.35,32.828]]],[[[-120.044,33.919],[-120.114,33.905],[-120.167,33.918],[-120.252,34.014],[-120.072,34.027],[-119.994,33.985],[-119.984,33.973],[-120.044,33.919]]],[[[-119.882,34.08],[-119.679,34.028],[-119.569,34.053],[-119.549,34.028],[-119.562,34.007],[-119.81,33.968],[-119.885,33.995],[-119.892,34.032],[-119.918,34.068],[-119.882,34.08]]],[[[-118.348,33.386],[-118.297,33.312],[-118.37,33.321],[-118.446,33.317],[-118.469,33.357],[-118.492,33.413],[-118.507,33.427],[-118.559,33.432],[-118.563,33.437],[-118.569,33.464],[-118.555,33.477],[-118.392,33.415],[-118.348,33.386]]],[[[-122.782,48.673],[-122.769,48.651],[-122.809,48.63],[-122.838,48.627],[-122.883,48.661],[-122.903,48.665],[-122.887,48.612],[-122.893,48.594],[-122.986,48.627],[-123.003,48.652],[-122.977,48.679],[-122.918,48.707],[-122.898,48.71],[-122.782,48.673]]],[[[-123.013,48.501],[-122.987,48.468],[-123.094,48.489],[-123.14,48.508],[-123.153,48.526],[-123.17,48.587],[-123.162,48.606],[-123.114,48.613],[-123.024,48.538],[-123.013,48.501]]],[[[-122.573,48.157],[-122.524,48.025],[-122.503,48.08],[-122.367,47.985],[-122.367,47.939],[-122.383,47.923],[-122.411,47.918],[-122.438,47.931],[-122.462,47.964],[-122.492,47.981],[-122.558,47.992],[-122.591,48.03],[-122.603,48.055],[-122.606,48.129],[-122.623,48.151],[-122.657,48.156],[-122.69,48.174],[-122.742,48.225],[-122.749,48.239],[-122.725,48.281],[-122.669,48.351],[-122.629,48.384],[-122.604,48.381],[-122.572,48.36],[-122.536,48.321],[-122.542,48.294],[-122.692,48.241],[-122.697,48.229],[-122.624,48.214],[-122.598,48.2],[-122.573,48.157]]],[[[-71.365,41.485],[-71.393,41.467],[-71.403,41.515],[-71.384,41.571],[-71.364,41.572],[-71.354,41.542],[-71.365,41.485]]],[[[-74.133,39.681],[-74.25,39.529],[-74.253,39.558],[-74.107,39.746],[-74.133,39.681]]],[[[-75.333,37.888],[-75.379,37.872],[-75.226,38.072],[-75.137,38.24],[-75.098,38.298],[-75.136,38.181],[-75.203,38.072],[-75.333,37.888]]],[[[-76.546,34.655],[-76.569,34.653],[-76.608,34.664],[-76.662,34.685],[-76.674,34.7],[-76.622,34.695],[-76.546,34.655]]],[[[-81.335,24.65],[-81.365,24.63],[-81.379,24.636],[-81.379,24.666],[-81.422,24.733],[-81.42,24.75],[-81.322,24.685],[-81.32,24.668],[-81.335,24.65]]],[[[-80.829,24.804],[-80.848,24.804],[-80.839,24.818],[-80.799,24.846],[-80.785,24.835],[-80.787,24.821],[-80.829,24.804]]],[[[-80.638,24.903],[-80.665,24.898],[-80.626,24.941],[-80.615,24.938],[-80.638,24.903]]],[[[-81.044,24.717],[-81.09,24.693],[-81.137,24.71],[-81.085,24.734],[-80.93,24.759],[-80.989,24.728],[-81.044,24.717]]],[[[-81.419,30.971],[-81.463,30.728],[-81.483,30.814],[-81.485,30.898],[-81.451,30.947],[-81.419,30.971]]],[[[-81.567,24.6],[-81.631,24.59],[-81.579,24.629],[-81.562,24.689],[-81.532,24.642],[-81.532,24.614],[-81.567,24.6]]],[[[-80.187,27.278],[-80.171,27.205],[-80.262,27.376],[-80.376,27.643],[-80.437,27.851],[-80.396,27.795],[-80.356,27.679],[-80.187,27.278]]],[[[-81.784,24.545],[-81.809,24.542],[-81.811,24.558],[-81.768,24.577],[-81.739,24.575],[-81.74,24.554],[-81.784,24.545]]],[[[-88.889,29.713],[-88.944,29.66],[-88.941,29.68],[-88.901,29.733],[-88.873,29.753],[-88.889,29.713]]],[[[-88.558,30.216],[-88.571,30.205],[-88.659,30.226],[-88.713,30.245],[-88.723,30.264],[-88.574,30.229],[-88.558,30.216]]],[[[-88.071,30.252],[-88.159,30.231],[-88.29,30.233],[-88.316,30.24],[-88.264,30.255],[-88.109,30.274],[-88.071,30.252]]],[[[-89.224,30.084],[-89.22,30.038],[-89.269,30.061],[-89.342,30.063],[-89.31,30.079],[-89.288,30.094],[-89.276,30.111],[-89.185,30.169],[-89.211,30.126],[-89.224,30.084]]],[[[-88.827,29.808],[-88.856,29.776],[-88.828,29.928],[-88.867,30.057],[-88.826,30.0],[-88.813,29.933],[-88.827,29.808]]],[[[-84.908,29.643],[-85.008,29.607],[-85.117,29.633],[-85.049,29.638],[-85.001,29.627],[-84.877,29.679],[-84.812,29.718],[-84.737,29.732],[-84.908,29.643]]],[[[-122.853,47.205],[-122.863,47.185],[-122.877,47.186],[-122.908,47.226],[-122.912,47.254],[-122.885,47.275],[-122.849,47.216],[-122.853,47.205]]],[[[-122.394,47.395],[-122.399,47.373],[-122.437,47.355],[-122.457,47.359],[-122.458,47.386],[-122.469,47.39],[-122.51,47.358],[-122.507,47.422],[-122.486,47.489],[-122.469,47.49],[-122.442,47.446],[-122.394,47.395]]],[[[-122.497,47.595],[-122.503,47.575],[-122.558,47.598],[-122.576,47.619],[-122.574,47.667],[-122.56,47.698],[-122.55,47.704],[-122.517,47.691],[-122.508,47.683],[-122.497,47.595]]],[[[-122.821,48.431],[-122.837,48.422],[-122.89,48.435],[-122.922,48.457],[-122.932,48.485],[-122.912,48.538],[-122.885,48.552],[-122.869,48.549],[-122.862,48.502],[-122.815,48.452],[-122.821,48.431]]],[[[-68.623,44.196],[-68.661,44.176],[-68.702,44.183],[-68.703,44.232],[-68.691,44.249],[-68.677,44.256],[-68.656,44.242],[-68.623,44.196]]]]}},{"type":"Feature","properties":{"SUBUNIT":"Wales"},"geometry":{"type":"MultiPolygon","coordinates":[[[[-3.098,53.26],[-3.055,53.254],[-2.976,53.222],[-2.924,53.186],[-2.936,53.162],[-2.942,53.146],[-2.928,53.124],[-2.83,53.002],[-2.773,52.978],[-2.725,52.951],[-2.721,52.928],[-2.754,52.912],[-2.82,52.921],[-2.981,52.952],[-3.04,52.932],[-3.115,52.871],[-3.15,52.825],[-3.144,52.806],[-2.987,52.744],[-2.989,52.715],[-3.027,52.676],[-3.115,52.574],[-3.101,52.557],[-2.997,52.56],[-2.985,52.543],[-3.007,52.516],[-3.071,52.496],[-3.154,52.481],[-3.203,52.459],[-3.211,52.44],[-3.204,52.422],[-3.136,52.381],[-3.017,52.343],[-2.976,52.316],[-2.972,52.292],[-2.975,52.272],[-2.992,52.257],[-3.055,52.22],[-3.094,52.184],[-3.096,52.16],[-3.113,52.12],[-3.114,52.094],[-3.107,52.065],[-3.065,52.0],[-3.013,51.952],[-2.954,51.915],[-2.907,51.92],[-2.835,51.906],[-2.763,51.862],[-2.693,51.831],[-2.662,51.802],[-2.678,51.759],[-2.674,51.638],[-2.668,51.623],[-2.742,51.581],[-2.979,51.539],[-3.08,51.496],[-3.259,51.398],[-3.293,51.39],[-3.562,51.414],[-3.763,51.54],[-3.891,51.592],[-3.944,51.598],[-3.998,51.582],[-4.115,51.566],[-4.235,51.569],[-4.174,51.627],[-4.091,51.66],[-4.276,51.683],[-4.328,51.7],[-4.386,51.741],[-4.531,51.748],[-4.601,51.738],[-4.718,51.684],[-4.902,51.626],[-5.125,51.706],[-5.168,51.741],[-5.167,51.808],[-5.201,51.861],[-5.262,51.88],[-5.183,51.95],[-5.088,51.996],[-4.879,52.042],[-4.561,52.151],[-4.383,52.197],[-4.218,52.277],[-4.149,52.326],[-4.1,52.393],[-4.051,52.475],[-3.98,52.542],[-4.048,52.558],[-4.079,52.608],[-4.071,52.659],[-4.039,52.704],[-4.067,52.761],[-4.118,52.82],[-4.115,52.866],[-4.101,52.915],[-4.229,52.913],[-4.356,52.897],[-4.472,52.862],[-4.584,52.815],[-4.683,52.806],[-4.681,52.844],[-4.638,52.891],[-4.526,52.958],[-4.405,53.014],[-4.362,53.056],[-4.328,53.105],[-4.269,53.145],[-4.111,53.219],[-3.809,53.303],[-3.764,53.308],[-3.646,53.298],[-3.53,53.311],[-3.428,53.341],[-3.326,53.347],[-3.098,53.26]]],[[[-4.197,53.321],[-4.155,53.303],[-4.049,53.306],[-4.084,53.264],[-4.2,53.218],[-4.279,53.172],[-4.373,53.134],[-4.419,53.178],[-4.472,53.176],[-4.553,53.26],[-4.568,53.386],[-4.462,53.419],[-4.315,53.417],[-4.197,53.321]]]]}},{"type":"Feature","properties":{"SUBUNIT":"Scotland"},"geometry":{"type":"MultiPolygon","coordinates":[[[[-2.017,55.808],[-2.048,55.8],[-2.197,55.691],[-2.274,55.648],[-2.313,55.639],[-2.321,55.628],[-2.244,55.537],[-2.194,55.464],[-2.203,55.446],[-2.347,55.378],[-2.411,55.362],[-2.479,55.351],[-2.544,55.317],[-2.677,55.199],[-2.849,55.113],[-2.939,55.057],[-2.99,55.046],[-3.039,55.015],[-3.081,54.962],[-3.434,54.964],[-3.55,54.947],[-3.658,54.893],[-3.719,54.876],[-3.783,54.87],[-3.842,54.843],[-3.899,54.805],[-3.958,54.781],[-4.076,54.787],[-4.133,54.779],[-4.174,54.801],[-4.208,54.837],[-4.253,54.847],[-4.304,54.836],[-4.41,54.787],[-4.517,54.758],[-4.648,54.789],[-4.818,54.846],[-4.852,54.825],[-4.89,54.772],[-4.911,54.689],[-5.032,54.761],[-5.135,54.858],[-5.17,54.918],[-5.173,54.986],[-5.117,55.012],[-5.056,54.988],[-4.965,55.149],[-4.785,55.359],[-4.721,55.421],[-4.677,55.501],[-4.684,55.554],[-4.724,55.598],[-4.892,55.699],[-4.89,55.781],[-4.872,55.874],[-4.826,55.93],[-4.807,55.94],[-4.584,55.939],[-4.671,55.967],[-4.844,56.051],[-4.841,56.081],[-4.8,56.158],[-4.819,56.15],[-4.856,56.115],[-4.927,56.028],[-4.97,56.008],[-5.093,55.987],[-5.115,55.945],[-5.135,55.933],[-5.196,55.929],[-5.215,55.889],[-5.228,55.886],[-5.246,55.929],[-5.247,56.0],[-5.223,56.066],[-5.176,56.117],[-4.997,56.233],[-5.084,56.197],[-5.282,56.09],[-5.383,56.019],[-5.41,55.995],[-5.419,55.975],[-5.418,55.952],[-5.373,55.828],[-5.386,55.77],[-5.556,55.39],[-5.589,55.351],[-5.618,55.331],[-5.647,55.327],[-5.731,55.334],[-5.768,55.363],[-5.768,55.395],[-5.752,55.443],[-5.681,55.624],[-5.651,55.674],[-5.605,55.721],[-5.504,55.802],[-5.507,55.808],[-5.574,55.792],[-5.602,55.797],[-5.623,55.813],[-5.61,56.055],[-5.555,56.135],[-5.535,56.251],[-5.488,56.35],[-5.433,56.422],[-5.392,56.515],[-5.329,56.556],[-5.313,56.619],[-5.243,56.687],[-5.188,56.758],[-5.218,56.751],[-5.564,56.566],[-5.652,56.532],[-5.773,56.541],[-5.865,56.562],[-5.937,56.606],[-5.969,56.69],[-6.058,56.692],[-6.134,56.707],[-6.133,56.718],[-6.035,56.764],[-5.878,56.78],[-5.731,56.853],[-5.861,56.903],[-5.85,56.918],[-5.736,56.961],[-5.591,57.102],[-5.562,57.233],[-5.631,57.294],[-5.656,57.334],[-5.795,57.379],[-5.818,57.436],[-5.802,57.468],[-5.757,57.499],[-5.689,57.524],[-5.582,57.547],[-5.679,57.572],[-5.715,57.601],[-5.742,57.644],[-5.745,57.668],[-5.695,57.778],[-5.665,57.824],[-5.608,57.881],[-5.349,57.878],[-5.319,57.904],[-5.29,57.905],[-5.157,57.881],[-5.177,57.906],[-5.394,58.044],[-5.413,58.07],[-5.351,58.144],[-5.347,58.177],[-5.356,58.212],[-5.338,58.239],[-5.27,58.251],[-5.06,58.25],[-5.008,58.263],[-5.032,58.298],[-5.081,58.345],[-5.09,58.385],[-5.079,58.419],[-5.076,58.489],[-5.067,58.52],[-5.017,58.567],[-4.976,58.58],[-4.925,58.588],[-4.81,58.573],[-4.766,58.554],[-4.715,58.51],[-4.678,58.514],[-4.535,58.562],[-4.492,58.568],[-4.433,58.513],[-4.189,58.557],[-3.86,58.577],[-3.662,58.606],[-3.454,58.617],[-3.259,58.65],[-3.053,58.635],[-3.046,58.616],[-3.057,58.589],[-3.11,58.515],[-3.101,58.434],[-3.113,58.409],[-3.137,58.378],[-3.212,58.321],[-3.411,58.24],[-3.775,58.052],[-3.99,57.959],[-4.02,57.914],[-4.036,57.852],[-3.907,57.84],[-3.857,57.819],[-3.888,57.787],[-4.078,57.677],[-4.135,57.578],[-3.988,57.581],[-3.868,57.6],[-3.628,57.662],[-3.403,57.708],[-3.295,57.71],[-3.084,57.673],[-3.036,57.672],[-2.947,57.689],[-2.856,57.692],[-2.244,57.681],[-2.074,57.702],[-1.962,57.677],[-1.867,57.612],[-1.778,57.494],[-1.781,57.474],[-1.835,57.42],[-1.934,57.352],[-2.02,57.259],[-2.046,57.209],[-2.062,57.153],[-2.09,57.103],[-2.26,56.863],[-2.427,56.731],[-2.501,56.637],[-2.593,56.562],[-2.681,56.514],[-2.775,56.483],[-3.047,56.449],[-3.124,56.425],[-3.214,56.384],[-3.31,56.363],[-3.198,56.366],[-3.087,56.389],[-2.885,56.398],[-2.653,56.318],[-2.674,56.253],[-2.768,56.202],[-2.98,56.194],[-3.178,56.08],[-3.268,56.045],[-3.362,56.028],[-3.48,56.033],[-3.695,56.063],[-3.789,56.095],[-3.704,56.043],[-3.608,56.016],[-3.049,55.952],[-3.015,55.959],[-2.837,56.026],[-2.599,56.027],[-2.147,55.903],[-2.017,55.808]]],[[[-2.549,59.231],[-2.662,59.23],[-2.604,59.289],[-2.536,59.304],[-2.407,59.298],[-2.43,59.271],[-2.549,59.231]]],[[[-1.043,60.514],[-1.068,60.502],[-1.166,60.604],[-1.093,60.72],[-1.006,60.717],[-0.992,60.686],[-1.0,60.658],[-1.045,60.656],[-1.049,60.647],[-1.035,60.593],[-1.034,60.53],[-1.043,60.514]]],[[[-1.308,60.538],[-1.287,60.467],[-1.236,60.485],[-1.158,60.418],[-1.118,60.418],[-1.052,60.444],[-1.066,60.382],[-1.134,60.207],[-1.153,60.177],[-1.166,60.124],[-1.179,60.114],[-1.199,60.007],[-1.245,59.971],[-1.284,59.887],[-1.299,59.879],[-1.356,59.911],[-1.3,60.04],[-1.276,60.115],[-1.291,60.153],[-1.323,60.188],[-1.409,60.19],[-1.481,60.173],[-1.497,60.194],[-1.499,60.222],[-1.517,60.231],[-1.613,60.229],[-1.641,60.237],[-1.66,60.262],[-1.664,60.283],[-1.577,60.298],[-1.494,60.292],[-1.375,60.333],[-1.45,60.469],[-1.549,60.481],[-1.572,60.494],[-1.553,60.517],[-1.498,60.53],[-1.414,60.599],[-1.364,60.61],[-1.302,60.608],[-1.308,60.538]]],[[[-0.774,60.812],[-0.774,60.8],[-0.826,60.716],[-0.825,60.684],[-0.909,60.687],[-0.922,60.697],[-0.938,60.746],[-0.928,60.797],[-0.916,60.81],[-0.891,60.816],[-0.865,60.806],[-0.823,60.832],[-0.802,60.831],[-0.774,60.812]]],[[[-3.165,58.794],[-3.222,58.781],[-3.279,58.782],[-3.367,58.84],[-3.401,58.882],[-3.395,58.91],[-3.357,58.919],[-3.272,58.905],[-3.228,58.857],[-3.222,58.826],[-3.212,58.814],[-3.159,58.801],[-3.165,58.794]]],[[[-2.929,58.742],[-2.939,58.739],[-2.975,58.757],[-3.035,58.823],[-2.941,58.836],[-2.896,58.828],[-2.913,58.8],[-2.929,58.742]]],[[[-3.057,59.03],[-3.071,59.005],[-2.995,59.006],[-2.885,58.985],[-2.818,58.982],[-2.762,58.956],[-2.793,58.907],[-2.826,58.893],[-2.864,58.891],[-2.995,58.939],[-3.167,58.919],[-3.201,58.925],[-3.223,58.939],[-3.233,58.956],[-3.233,58.99],[-3.242,59.0],[-3.304,58.967],[-3.332,58.971],[-3.347,58.987],[-3.354,59.019],[-3.347,59.065],[-3.31,59.131],[-3.249,59.144],[-3.156,59.136],[-3.051,59.099],[-3.019,59.076],[-3.02,59.058],[-3.057,59.03]]],[[[-2.729,59.187],[-2.815,59.162],[-2.852,59.182],[-2.861,59.247],[-2.964,59.274],[-3.013,59.291],[-3.052,59.324],[-3.042,59.334],[-2.976,59.347],[-2.862,59.288],[-2.815,59.241],[-2.731,59.227],[-2.72,59.219],[-2.729,59.187]]],[[[-6.608,56.585],[-6.664,56.579],[-6.669,56.594],[-6.57,56.661],[-6.506,56.672],[-6.484,56.666],[-6.53,56.627],[-6.608,56.585]]],[[[-5.105,55.449],[-5.231,55.448],[-5.277,55.457],[-5.331,55.481],[-5.393,55.618],[-5.371,55.667],[-5.346,55.691],[-5.318,55.709],[-5.252,55.717],[-5.185,55.691],[-5.16,55.667],[-5.105,55.574],[-5.095,55.494],[-5.105,55.449]]],[[[-5.778,56.344],[-6.176,56.289],[-6.313,56.294],[-6.326,56.321],[-6.298,56.339],[-6.185,56.357],[-6.139,56.491],[-6.311,56.552],[-6.32,56.569],[-6.306,56.599],[-6.286,56.612],[-6.182,56.643],[-6.138,56.65],[-6.103,56.646],[-6.03,56.61],[-5.947,56.535],[-5.836,56.523],[-5.761,56.491],[-5.778,56.344]]],[[[-6.129,55.931],[-6.093,55.802],[-6.058,55.723],[-6.055,55.695],[-6.088,55.658],[-6.253,55.607],[-6.305,55.607],[-6.307,55.619],[-6.27,55.67],[-6.302,55.728],[-6.286,55.773],[-6.302,55.781],[-6.334,55.774],[-6.452,55.704],[-6.491,55.697],[-6.496,55.712],[-6.466,55.769],[-6.463,55.808],[-6.445,55.832],[-6.413,55.855],[-6.375,55.871],[-6.344,55.874],[-6.311,55.856],[-6.216,55.905],[-6.129,55.931]]],[[[-5.97,55.815],[-5.991,55.804],[-6.042,55.807],[-6.06,55.823],[-6.071,55.848],[-6.072,55.893],[-6.041,55.926],[-5.912,55.975],[-5.97,55.992],[-5.973,56.004],[-5.939,56.045],[-5.8,56.109],[-5.762,56.12],[-5.725,56.119],[-5.797,56.006],[-5.97,55.815]]],[[[-6.199,58.363],[-6.326,58.189],[-6.376,58.185],[-6.419,58.141],[-6.555,58.093],[-6.437,58.092],[-6.403,58.076],[-6.402,58.041],[-6.425,58.021],[-6.578,57.941],[-6.683,57.911],[-6.797,57.828],[-6.854,57.827],[-6.91,57.773],[-6.957,57.75],[-6.983,57.75],[-7.013,57.762],[-7.083,57.814],[-6.956,57.865],[-6.944,57.894],[-6.857,57.924],[-6.864,57.933],[-7.003,57.975],[-7.057,58.003],[-7.052,58.018],[-6.985,58.05],[-7.017,58.055],[-7.038,58.072],[-7.077,58.079],[-7.088,58.095],[-7.096,58.138],[-7.085,58.182],[-7.045,58.202],[-7.028,58.222],[-7.012,58.229],[-6.95,58.218],[-6.886,58.183],[-6.812,58.196],[-6.726,58.189],[-6.725,58.198],[-6.788,58.284],[-6.776,58.302],[-6.742,58.322],[-6.544,58.383],[-6.297,58.487],[-6.237,58.503],[-6.219,58.489],[-6.194,58.435],[-6.199,58.363]]],[[[-6.279,56.965],[-6.309,56.952],[-6.346,56.954],[-6.383,56.971],[-6.433,57.018],[-6.322,57.051],[-6.278,57.031],[-6.261,57.01],[-6.261,56.985],[-6.279,56.965]]],[[[-6.145,57.505],[-6.146,57.461],[-6.164,57.409],[-6.141,57.354],[-6.136,57.314],[-6.093,57.302],[-6.068,57.284],[-5.88,57.263],[-5.706,57.269],[-5.672,57.253],[-5.669,57.227],[-5.696,57.198],[-5.795,57.147],[-5.914,57.063],[-5.949,57.045],[-5.987,57.044],[-6.015,57.052],[-6.034,57.201],[-6.163,57.182],[-6.266,57.184],[-6.323,57.202],[-6.362,57.237],[-6.442,57.327],[-6.675,57.363],[-6.741,57.412],[-6.761,57.442],[-6.753,57.459],[-6.704,57.496],[-6.643,57.483],[-6.606,57.491],[-6.583,57.507],[-6.583,57.521],[-6.615,57.553],[-6.617,57.563],[-6.379,57.603],[-6.358,57.667],[-6.306,57.672],[-6.247,57.651],[-6.166,57.585],[-6.145,57.505]]],[[[-7.206,57.683],[-7.093,57.627],[-7.183,57.533],[-7.321,57.534],[-7.515,57.602],[-7.516,57.616],[-7.499,57.636],[-7.47,57.653],[-7.44,57.656],[-7.392,57.645],[-7.325,57.663],[-7.271,57.657],[-7.206,57.683]]],[[[-7.25,57.115],[-7.292,57.11],[-7.347,57.115],[-7.381,57.131],[-7.416,57.192],[-7.422,57.229],[-7.407,57.298],[-7.411,57.381],[-7.296,57.384],[-7.267,57.372],[-7.248,57.126],[-7.25,57.115]]],[[[-7.417,56.965],[-7.505,56.952],[-7.537,56.96],[-7.543,56.972],[-7.523,57.007],[-7.455,57.019],[-7.407,57.0],[-7.399,56.983],[-7.417,56.965]]]]}},{"type":"Feature","properties":{"SUBUNIT":"Northern Ireland"},"geometry":{"type":"Polygon","coordinates":[[[-6.218,54.089],[-6.304,54.095],[-6.364,54.077],[-6.403,54.061],[-6.44,54.064],[-6.548,54.057],[-6.65,54.059],[-6.664,54.085],[-6.647,54.163],[-6.67,54.185],[-6.767,54.196],[-6.803,54.214],[-6.858,54.269],[-6.869,54.294],[-6.877,54.329],[-6.936,54.374],[-7.008,54.407],[-7.05,54.408],[-7.133,54.355],[-7.203,54.302],[-7.178,54.275],[-7.155,54.24],[-7.193,54.214],[-7.307,54.156],[-7.325,54.133],[-7.355,54.121],[-7.409,54.137],[-7.544,54.134],[-7.607,54.144],[-7.679,54.187],[-7.855,54.215],[-7.884,54.284],[-7.918,54.297],[-8.118,54.414],[-8.145,54.454],[-8.119,54.477],[-8.044,54.512],[-7.794,54.571],[-7.754,54.595],[-7.746,54.616],[-7.82,54.64],[-7.886,54.666],[-7.909,54.683],[-7.911,54.698],[-7.873,54.718],[-7.797,54.719],[-7.737,54.71],[-7.69,54.728],[-7.606,54.746],[-7.55,54.768],[-7.502,54.825],[-7.451,54.877],[-7.446,54.905],[-7.401,55.003],[-7.377,55.028],[-7.219,55.092],[-7.179,55.057],[-7.101,55.048],[-7.031,55.081],[-6.947,55.183],[-6.889,55.189],[-6.825,55.181],[-6.699,55.193],[-6.475,55.241],[-6.375,55.242],[-6.234,55.217],[-6.129,55.217],[-6.036,55.145],[-5.986,55.03],[-5.869,54.916],[-5.717,54.817],[-5.711,54.757],[-5.765,54.725],[-5.879,54.684],[-5.879,54.641],[-5.803,54.663],[-5.739,54.673],[-5.583,54.663],[-5.528,54.62],[-5.49,54.554],[-5.47,54.5],[-5.484,54.442],[-5.526,54.46],[-5.569,54.513],[-5.616,54.537],[-5.671,54.55],[-5.646,54.478],[-5.656,54.382],[-5.632,54.373],[-5.558,54.371],[-5.607,54.273],[-5.708,54.246],[-5.826,54.236],[-5.855,54.201],[-5.876,54.156],[-5.938,54.089],[-6.019,54.051],[-6.12,54.059],[-6.218,54.089]]]}},{"type":"Feature","properties":{"SUBUNIT":"England"},"geometry":{"type":"MultiPolygon","coordinates":[[[[-2.668,51.623],[-2.674,51.638],[-2.678,51.759],[-2.662,51.802],[-2.693,51.831],[-2.763,51.862],[-2.835,51.906],[-2.907,51.92],[-2.954,51.915],[-3.013,51.952],[-3.065,52.0],[-3.107,52.065],[-3.114,52.094],[-3.113,52.12],[-3.096,52.16],[-3.094,52.184],[-3.055,52.22],[-2.992,52.257],[-2.975,52.272],[-2.972,52.292],[-2.976,52.316],[-3.017,52.343],[-3.136,52.381],[-3.204,52.422],[-3.211,52.44],[-3.203,52.459],[-3.154,52.481],[-3.071,52.496],[-3.007,52.516],[-2.985,52.543],[-2.997,52.56],[-3.101,52.557],[-3.115,52.574],[-3.027,52.676],[-2.989,52.715],[-2.987,52.744],[-3.144,52.806],[-3.15,52.825],[-3.115,52.871],[-3.04,52.932],[-2.981,52.952],[-2.82,52.921],[-2.754,52.912],[-2.721,52.928],[-2.725,52.951],[-2.773,52.978],[-2.83,53.002],[-2.928,53.124],[-2.942,53.146],[-2.936,53.162],[-2.924,53.186],[-2.976,53.222],[-3.055,53.254],[-3.098,53.26],[-3.166,53.395],[-3.065,53.427],[-2.919,53.305],[-2.864,53.293],[-2.75,53.31],[-2.794,53.331],[-2.845,53.332],[-2.913,53.35],[-2.97,53.389],[-3.065,53.513],[-3.059,53.586],[-2.996,53.663],[-2.925,53.733],[-2.984,53.747],[-3.032,53.774],[-3.045,53.844],[-3.027,53.906],[-2.9,53.961],[-2.862,54.044],[-2.846,54.135],[-2.868,54.177],[-2.994,54.171],[-3.055,54.153],[-3.11,54.126],[-3.166,54.128],[-3.322,54.229],[-3.41,54.306],[-3.569,54.468],[-3.592,54.564],[-3.465,54.773],[-3.268,54.907],[-3.036,54.953],[-3.081,54.962],[-3.039,55.015],[-2.99,55.046],[-2.939,55.057],[-2.849,55.113],[-2.677,55.199],[-2.544,55.317],[-2.479,55.351],[-2.411,55.362],[-2.347,55.378],[-2.203,55.446],[-2.194,55.464],[-2.244,55.537],[-2.321,55.628],[-2.313,55.639],[-2.274,55.648],[-2.197,55.691],[-2.048,55.8],[-2.017,55.808],[-1.83,55.672],[-1.729,55.619],[-1.655,55.57],[-1.61,55.498],[-1.523,55.26],[-1.423,55.026],[-1.292,54.774],[-1.232,54.704],[-1.154,54.654],[-0.759,54.541],[-0.671,54.504],[-0.518,54.395],[-0.37,54.279],[-0.233,54.19],[-0.084,54.118],[-0.156,54.081],[-0.206,54.022],[-0.169,53.942],[-0.108,53.865],[0.011,53.743],[0.115,53.609],[0.077,53.629],[0.036,53.641],[-0.019,53.637],[-0.074,53.644],[-0.174,53.685],[-0.27,53.737],[-0.461,53.716],[-0.568,53.725],[-0.66,53.724],[-0.485,53.694],[-0.294,53.692],[0.128,53.468],[0.271,53.335],[0.356,53.16],[0.298,53.081],[0.208,53.03],[0.124,52.972],[0.046,52.906],[0.28,52.809],[0.33,52.812],[0.382,52.825],[0.432,52.858],[0.516,52.938],[0.559,52.967],[0.704,52.977],[0.827,52.971],[0.949,52.953],[1.056,52.959],[1.271,52.925],[1.382,52.894],[1.657,52.754],[1.716,52.677],[1.743,52.579],[1.747,52.469],[1.7,52.369],[1.647,52.279],[1.615,52.162],[1.591,52.12],[1.559,52.087],[1.413,51.995],[1.317,51.957],[1.276,51.974],[1.232,51.971],[1.228,51.949],[1.274,51.902],[1.274,51.845],[1.188,51.803],[1.101,51.785],[0.955,51.808],[0.752,51.73],[0.898,51.689],[0.927,51.647],[0.891,51.571],[0.799,51.538],[0.698,51.523],[0.593,51.519],[0.507,51.501],[0.425,51.466],[0.528,51.484],[0.6,51.468],[0.646,51.405],[0.687,51.387],[0.889,51.36],[1.015,51.36],[1.257,51.375],[1.373,51.375],[1.415,51.363],[1.416,51.311],[1.398,51.182],[1.366,51.155],[1.044,51.047],[0.979,50.972],[0.96,50.926],[0.772,50.934],[0.684,50.886],[0.532,50.853],[0.415,50.819],[0.3,50.776],[0.205,50.763],[-0.204,50.814],[-0.451,50.81],[-0.785,50.765],[-0.871,50.773],[-1.001,50.816],[-1.133,50.845],[-1.285,50.857],[-1.416,50.897],[-1.334,50.821],[-1.517,50.747],[-1.601,50.733],[-1.688,50.735],[-1.866,50.715],[-2.031,50.725],[-2.006,50.673],[-1.962,50.628],[-1.998,50.608],[-2.036,50.603],[-2.35,50.637],[-2.395,50.631],[-2.433,50.599],[-2.548,50.616],[-2.659,50.67],[-2.777,50.706],[-2.901,50.722],[-2.999,50.717],[-3.405,50.632],[-3.485,50.548],[-3.526,50.428],[-3.584,50.322],[-3.68,50.24],[-3.793,50.229],[-3.9,50.286],[-4.103,50.349],[-4.173,50.391],[-4.195,50.393],[-4.217,50.378],[-4.297,50.359],[-4.379,50.358],[-4.507,50.341],[-4.728,50.29],[-4.817,50.256],[-5.01,50.161],[-5.049,50.134],[-5.119,50.038],[-5.225,50.021],[-5.323,50.083],[-5.434,50.104],[-5.551,50.083],[-5.622,50.051],[-5.655,50.077],[-5.656,50.132],[-5.571,50.197],[-5.342,50.246],[-5.142,50.374],[-5.043,50.452],[-5.004,50.495],[-4.956,50.523],[-4.894,50.534],[-4.861,50.582],[-4.583,50.776],[-4.56,50.821],[-4.546,50.901],[-4.523,50.977],[-4.296,51.027],[-4.188,51.189],[-4.158,51.201],[-3.842,51.231],[-3.608,51.229],[-3.375,51.197],[-3.256,51.194],[-3.136,51.205],[-3.042,51.249],[-2.881,51.406],[-2.791,51.475],[-2.687,51.537],[-2.59,51.609],[-2.433,51.741],[-2.539,51.695],[-2.668,51.623]]],[[[-1.066,50.69],[-1.149,50.656],[-1.176,50.615],[-1.196,50.599],[-1.251,50.589],[-1.306,50.589],[-1.515,50.67],[-1.563,50.666],[-1.516,50.703],[-1.386,50.734],[-1.313,50.773],[-1.144,50.735],[-1.066,50.69]]]]}},{"type":"Feature","properties":{"SUBUNIT":"Spain"},"geometry":{"type":"Polygon","coordinates":[[[-1.794,43.407],[-1.793,43.373],[-1.753,43.325],[-1.713,43.307],[-1.627,43.282],[-1.561,43.279],[-1.472,43.268],[-1.411,43.24],[-1.407,43.197],[-1.423,43.149],[-1.459,43.105],[-1.48,43.071],[-1.461,43.052],[-1.429,43.037],[-1.394,43.033],[-1.371,43.038],[-1.353,43.064],[-1.319,43.097],[-1.3,43.101],[-1.302,43.082],[-1.285,43.06],[-1.175,43.021],[-0.934,42.95],[-0.839,42.948],[-0.763,42.94],[-0.74,42.91],[-0.586,42.799],[-0.55,42.802],[-0.481,42.799],[-0.398,42.808],[-0.339,42.829],[-0.299,42.825],[-0.256,42.804],[-0.205,42.785],[-0.14,42.749],[-0.081,42.704],[-0.041,42.689],[0.201,42.719],[0.255,42.693],[0.313,42.693],[0.377,42.7],[0.518,42.686],[0.632,42.69],[0.642,42.701],[0.652,42.8],[0.67,42.836],[0.697,42.845],[0.764,42.838],[1.01,42.779],[1.111,42.742],[1.208,42.713],[1.293,42.71],[1.349,42.691],[1.428,42.596],[1.415,42.548],[1.422,42.531],[1.43,42.498],[1.428,42.461],[1.449,42.437],[1.486,42.434],[1.534,42.442],[1.586,42.456],[1.679,42.497],[1.706,42.503],[1.86,42.457],[1.928,42.426],[1.951,42.393],[1.987,42.358],[2.033,42.354],[2.098,42.386],[2.2,42.421],[2.374,42.39],[2.568,42.346],[2.652,42.34],[2.655,42.362],[2.67,42.393],[2.702,42.408],[2.749,42.413],[2.816,42.429],[2.891,42.456],[2.97,42.467],[3.053,42.447],[3.152,42.431],[3.211,42.431],[3.24,42.368],[3.288,42.344],[3.307,42.289],[3.219,42.26],[3.166,42.256],[3.15,42.162],[3.175,42.136],[3.225,42.111],[3.238,42.082],[3.248,41.944],[3.147,41.861],[3.005,41.767],[2.311,41.467],[2.146,41.321],[2.083,41.287],[1.567,41.196],[1.206,41.098],[1.033,41.062],[0.817,40.892],[0.715,40.823],[0.796,40.804],[0.891,40.722],[0.859,40.686],[0.721,40.63],[0.66,40.613],[0.627,40.622],[0.596,40.615],[0.364,40.319],[0.158,40.107],[0.043,40.014],[-0.075,39.876],[-0.327,39.52],[-0.329,39.417],[-0.205,39.063],[-0.134,38.969],[-0.034,38.891],[0.155,38.825],[0.202,38.759],[0.136,38.697],[-0.053,38.586],[-0.381,38.436],[-0.521,38.317],[-0.551,38.203],[-0.647,38.152],[-0.683,37.992],[-0.742,37.886],[-0.753,37.85],[-0.815,37.77],[-0.823,37.712],[-0.722,37.631],[-0.772,37.596],[-0.822,37.581],[-0.938,37.571],[-1.328,37.561],[-1.641,37.387],[-1.798,37.233],[-1.939,36.946],[-2.112,36.777],[-2.188,36.745],[-2.306,36.82],[-2.453,36.831],[-2.596,36.806],[-2.671,36.748],[-2.788,36.715],[-2.902,36.743],[-3.149,36.758],[-3.259,36.756],[-3.431,36.708],[-3.579,36.74],[-3.828,36.756],[-4.367,36.718],[-4.435,36.7],[-4.502,36.629],[-4.674,36.506],[-4.935,36.502],[-5.171,36.424],[-5.231,36.374],[-5.33,36.236],[-5.361,36.135],[-5.382,36.134],[-5.407,36.159],[-5.444,36.151],[-5.463,36.074],[-5.551,36.039],[-5.625,36.026],[-5.808,36.088],[-5.961,36.182],[-6.041,36.188],[-6.17,36.334],[-6.226,36.426],[-6.266,36.527],[-6.258,36.565],[-6.269,36.597],[-6.384,36.637],[-6.412,36.729],[-6.328,36.848],[-6.259,36.899],[-6.217,36.914],[-6.321,36.908],[-6.396,36.832],[-6.492,36.955],[-6.885,37.194],[-6.859,37.249],[-6.864,37.279],[-6.929,37.215],[-6.975,37.198],[-7.175,37.209],[-7.406,37.179],[-7.467,37.428],[-7.496,37.524],[-7.504,37.585],[-7.444,37.728],[-7.379,37.786],[-7.292,37.906],[-7.185,38.006],[-7.073,38.03],[-7.023,38.045],[-6.981,38.122],[-6.958,38.188],[-6.975,38.194],[-7.106,38.181],[-7.343,38.457],[-7.336,38.501],[-7.306,38.567],[-7.286,38.649],[-7.282,38.715],[-7.22,38.771],[-7.125,38.827],[-7.046,38.907],[-7.006,38.985],[-6.998,39.056],[-7.043,39.107],[-7.172,39.135],[-7.306,39.338],[-7.335,39.465],[-7.363,39.478],[-7.445,39.536],[-7.524,39.645],[-7.536,39.662],[-7.454,39.681],[-7.118,39.682],[-7.047,39.706],[-7.037,39.714],[-6.975,39.798],[-6.911,39.937],[-6.896,40.022],[-6.916,40.057],[-7.028,40.143],[-7.033,40.168],[-7.015,40.208],[-6.948,40.252],[-6.859,40.301],[-6.81,40.343],[-6.822,40.376],[-6.848,40.411],[-6.852,40.443],[-6.836,40.483],[-6.83,40.619],[-6.818,40.654],[-6.836,40.777],[-6.858,40.878],[-6.928,41.009],[-6.916,41.038],[-6.883,41.062],[-6.776,41.108],[-6.69,41.215],[-6.566,41.304],[-6.403,41.375],[-6.289,41.455],[-6.244,41.516],[-6.213,41.532],[-6.222,41.56],[-6.243,41.602],[-6.308,41.642],[-6.392,41.665],[-6.485,41.664],[-6.542,41.673],[-6.559,41.704],[-6.553,41.79],[-6.558,41.874],[-6.575,41.913],[-6.618,41.942],[-6.704,41.935],[-6.777,41.958],[-6.833,41.964],[-6.866,41.945],[-7.03,41.951],[-7.099,41.964],[-7.147,41.981],[-7.178,41.972],[-7.195,41.955],[-7.198,41.929],[-7.21,41.895],[-7.269,41.864],[-7.404,41.834],[-7.513,41.836],[-7.613,41.858],[-7.645,41.874],[-7.693,41.888],[-7.896,41.871],[-7.921,41.884],[-7.991,41.852],[-8.094,41.814],[-8.152,41.812],[-8.174,41.82],[-8.181,41.837],[-8.225,41.896],[-8.213,41.927],[-8.13,42.018],[-8.139,42.04],[-8.174,42.069],[-8.204,42.112],[-8.213,42.134],[-8.266,42.137],[-8.323,42.115],[-8.538,42.069],[-8.59,42.053],[-8.683,42.008],[-8.777,41.941],[-8.852,41.927],[-8.878,41.947],[-8.887,42.105],[-8.772,42.211],[-8.691,42.274],[-8.729,42.287],[-8.816,42.285],[-8.81,42.334],[-8.769,42.358],[-8.73,42.412],[-8.776,42.435],[-8.812,42.47],[-8.81,42.562],[-8.8,42.6],[-8.812,42.64],[-8.988,42.586],[-9.033,42.594],[-9.035,42.662],[-8.937,42.767],[-8.927,42.799],[-9.042,42.814],[-9.127,42.865],[-9.179,42.911],[-9.235,42.977],[-9.236,43.036],[-9.178,43.174],[-9.096,43.214],[-9.025,43.239],[-8.874,43.334],[-8.666,43.317],[-8.537,43.337],[-8.422,43.386],[-8.355,43.397],[-8.249,43.439],[-8.252,43.497],[-8.289,43.54],[-8.257,43.58],[-8.137,43.629],[-8.005,43.694],[-7.853,43.707],[-7.698,43.765],[-7.595,43.727],[-7.504,43.74],[-7.399,43.696],[-7.262,43.595],[-7.061,43.554],[-6.901,43.586],[-6.617,43.592],[-6.476,43.579],[-6.224,43.604],[-6.08,43.595],[-5.847,43.645],[-5.666,43.582],[-5.316,43.553],[-5.105,43.502],[-4.523,43.416],[-4.313,43.415],[-4.015,43.463],[-3.889,43.499],[-3.774,43.478],[-3.605,43.519],[-3.524,43.511],[-3.418,43.452],[-3.046,43.372],[-2.948,43.44],[-2.875,43.454],[-2.607,43.413],[-2.337,43.328],[-2.197,43.322],[-1.991,43.345],[-1.829,43.401],[-1.794,43.407]]]}},{"type":"Feature","properties":{"SUBUNIT":"Portugal"},"geometry":{"type":"Polygon","coordinates":[[[-8.777,41.941],[-8.683,42.008],[-8.59,42.053],[-8.538,42.069],[-8.323,42.115],[-8.266,42.137],[-8.213,42.134],[-8.204,42.112],[-8.174,42.069],[-8.139,42.04],[-8.13,42.018],[-8.213,41.927],[-8.225,41.896],[-8.181,41.837],[-8.174,41.82],[-8.152,41.812],[-8.094,41.814],[-7.991,41.852],[-7.921,41.884],[-7.896,41.871],[-7.693,41.888],[-7.645,41.874],[-7.613,41.858],[-7.513,41.836],[-7.404,41.834],[-7.269,41.864],[-7.21,41.895],[-7.198,41.929],[-7.195,41.955],[-7.178,41.972],[-7.147,41.981],[-7.099,41.964],[-7.03,41.951],[-6.866,41.945],[-6.833,41.964],[-6.777,41.958],[-6.704,41.935],[-6.618,41.942],[-6.575,41.913],[-6.558,41.874],[-6.553,41.79],[-6.559,41.704],[-6.542,41.673],[-6.485,41.664],[-6.392,41.665],[-6.308,41.642],[-6.243,41.602],[-6.222,41.56],[-6.213,41.532],[-6.244,41.516],[-6.289,41.455],[-6.403,41.375],[-6.566,41.304],[-6.69,41.215],[-6.776,41.108],[-6.883,41.062],[-6.916,41.038],[-6.928,41.009],[-6.858,40.878],[-6.836,40.777],[-6.818,40.654],[-6.83,40.619],[-6.836,40.483],[-6.852,40.443],[-6.848,40.411],[-6.822,40.376],[-6.81,40.343],[-6.859,40.301],[-6.948,40.252],[-7.015,40.208],[-7.033,40.168],[-7.028,40.143],[-6.916,40.057],[-6.896,40.022],[-6.911,39.937],[-6.975,39.798],[-7.037,39.714],[-7.047,39.706],[-7.118,39.682],[-7.454,39.681],[-7.536,39.662],[-7.524,39.645],[-7.445,39.536],[-7.363,39.478],[-7.335,39.465],[-7.306,39.338],[-7.172,39.135],[-7.043,39.107],[-6.998,39.056],[-7.006,38.985],[-7.046,38.907],[-7.125,38.827],[-7.22,38.771],[-7.282,38.715],[-7.286,38.649],[-7.306,38.567],[-7.336,38.501],[-7.343,38.457],[-7.106,38.181],[-6.975,38.194],[-6.958,38.188],[-6.981,38.122],[-7.023,38.045],[-7.073,38.03],[-7.185,38.006],[-7.292,37.906],[-7.379,37.786],[-7.444,37.728],[-7.504,37.585],[-7.496,37.524],[-7.467,37.428],[-7.406,37.179],[-7.494,37.168],[-7.834,37.006],[-7.94,37.005],[-8.137,37.077],[-8.484,37.1],[-8.598,37.121],[-8.739,37.075],[-8.848,37.076],[-8.935,37.016],[-8.998,37.032],[-8.926,37.166],[-8.814,37.431],[-8.819,37.592],[-8.792,37.733],[-8.823,37.872],[-8.879,37.959],[-8.802,38.184],[-8.811,38.3],[-8.881,38.447],[-8.668,38.424],[-8.734,38.482],[-8.799,38.518],[-8.862,38.51],[-8.915,38.512],[-9.096,38.455],[-9.187,38.438],[-9.213,38.448],[-9.203,38.539],[-9.25,38.657],[-9.178,38.688],[-9.093,38.697],[-9.021,38.747],[-8.977,38.803],[-9.0,38.903],[-8.938,38.998],[-8.792,39.078],[-8.867,39.066],[-8.954,39.016],[-9.091,38.835],[-9.136,38.743],[-9.252,38.713],[-9.357,38.698],[-9.41,38.708],[-9.474,38.731],[-9.48,38.799],[-9.475,38.853],[-9.431,38.96],[-9.414,39.112],[-9.353,39.248],[-9.357,39.284],[-9.375,39.338],[-9.32,39.391],[-9.251,39.426],[-9.148,39.543],[-9.004,39.821],[-8.838,40.116],[-8.851,40.152],[-8.887,40.179],[-8.873,40.259],[-8.772,40.606],[-8.732,40.651],[-8.685,40.753],[-8.674,40.917],[-8.656,41.029],[-8.66,41.086],[-8.675,41.154],[-8.738,41.285],[-8.806,41.56],[-8.811,41.652],[-8.755,41.698],[-8.846,41.705],[-8.888,41.765],[-8.878,41.832],[-8.777,41.941]]]}},{"type":"Feature","properties":{"SUBUNIT":"Italy"},"geometry":{"type":"MultiPolygon","coordinates":[[[[7.021,45.926],[7.056,45.904],[7.129,45.88],[7.328,45.912],[7.452,45.944],[7.539,45.978],[7.593,45.972],[7.788,45.922],[7.852,45.947],[7.993,46.016],[8.014,46.052],[8.125,46.161],[8.127,46.188],[8.082,46.256],[8.096,46.271],[8.232,46.341],[8.299,46.403],[8.371,46.445],[8.423,46.446],[8.437,46.432],[8.443,46.403],[8.438,46.283],[8.458,46.246],[8.565,46.16],[8.642,46.111],[8.819,46.077],[8.827,46.061],[8.778,45.996],[8.885,45.919],[8.904,45.862],[8.954,45.83],[9.024,45.846],[9.047,45.876],[9.019,45.928],[8.999,45.983],[9.003,46.015],[9.022,46.051],[9.071,46.102],[9.203,46.219],[9.251,46.287],[9.26,46.391],[9.26,46.475],[9.304,46.496],[9.399,46.481],[9.428,46.482],[9.441,46.431],[9.481,46.349],[9.529,46.306],[9.58,46.296],[9.639,46.296],[9.788,46.346],[9.884,46.368],[9.939,46.362],[9.972,46.328],[10.041,46.238],[10.081,46.228],[10.128,46.238],[10.145,46.254],[10.13,46.288],[10.11,46.363],[10.082,46.421],[10.046,46.448],[10.038,46.483],[10.061,46.547],[10.087,46.6],[10.137,46.614],[10.196,46.621],[10.272,46.565],[10.363,46.547],[10.431,46.55],[10.442,46.583],[10.438,46.619],[10.398,46.665],[10.406,46.735],[10.453,46.865],[10.479,46.855],[10.58,46.854],[10.689,46.846],[10.76,46.793],[10.829,46.775],[10.927,46.769],[10.993,46.777],[11.025,46.797],[11.063,46.859],[11.134,46.936],[11.244,46.976],[11.433,46.983],[11.528,46.997],[11.625,46.997],[11.699,46.985],[11.776,46.986],[11.97,47.04],[12.169,47.082],[12.197,47.075],[12.201,47.061],[12.166,47.028],[12.131,46.985],[12.154,46.935],[12.268,46.836],[12.33,46.76],[12.388,46.703],[12.479,46.673],[12.599,46.654],[12.7,46.647],[12.806,46.626],[13.169,46.573],[13.352,46.558],[13.49,46.556],[13.7,46.52],[13.68,46.463],[13.637,46.449],[13.563,46.415],[13.479,46.369],[13.4,46.318],[13.378,46.262],[13.4,46.225],[13.421,46.212],[13.45,46.224],[13.492,46.217],[13.545,46.197],[13.633,46.177],[13.635,46.158],[13.617,46.133],[13.548,46.089],[13.486,46.04],[13.48,46.009],[13.488,45.987],[13.509,45.974],[13.601,45.98],[13.614,45.962],[13.57,45.834],[13.583,45.812],[13.663,45.792],[13.722,45.761],[13.831,45.68],[13.875,45.615],[13.845,45.593],[13.776,45.582],[13.72,45.588],[13.783,45.627],[13.628,45.771],[13.558,45.771],[13.465,45.71],[13.206,45.771],[13.157,45.747],[13.12,45.698],[13.03,45.638],[12.903,45.611],[12.761,45.544],[12.612,45.497],[12.498,45.462],[12.432,45.468],[12.536,45.545],[12.492,45.546],[12.354,45.492],[12.274,45.446],[12.249,45.369],[12.226,45.242],[12.286,45.208],[12.392,45.04],[12.523,44.968],[12.498,44.899],[12.464,44.845],[12.384,44.798],[12.319,44.833],[12.279,44.832],[12.248,44.723],[12.305,44.429],[12.396,44.224],[12.487,44.134],[12.691,43.995],[12.907,43.921],[13.295,43.686],[13.508,43.612],[13.564,43.571],[13.693,43.39],[13.805,43.18],[13.925,42.852],[14.01,42.69],[14.183,42.506],[14.541,42.244],[14.866,42.053],[15.169,41.934],[15.405,41.913],[15.964,41.939],[16.062,41.928],[16.165,41.896],[16.189,41.814],[16.151,41.758],[16.034,41.701],[15.914,41.621],[15.9,41.512],[16.013,41.435],[16.552,41.232],[17.103,41.062],[17.275,40.975],[17.474,40.841],[17.955,40.655],[18.036,40.565],[18.328,40.371],[18.461,40.221],[18.486,40.105],[18.423,39.987],[18.393,39.904],[18.344,39.821],[18.219,39.853],[18.078,39.937],[17.865,40.28],[17.476,40.315],[17.396,40.34],[17.258,40.399],[17.249,40.438],[17.215,40.486],[17.18,40.503],[17.031,40.513],[16.928,40.458],[16.807,40.326],[16.67,40.137],[16.53,39.86],[16.522,39.748],[16.598,39.639],[16.824,39.578],[16.999,39.482],[17.115,39.381],[17.123,39.137],[17.175,38.998],[17.099,38.919],[16.951,38.94],[16.755,38.89],[16.617,38.8],[16.559,38.715],[16.574,38.494],[16.546,38.409],[16.282,38.25],[16.144,38.086],[16.11,38.019],[16.057,37.942],[15.725,37.939],[15.646,38.034],[15.643,38.175],[15.7,38.262],[15.822,38.303],[15.905,38.483],[15.879,38.614],[15.927,38.672],[15.972,38.713],[16.066,38.736],[16.197,38.759],[16.21,38.941],[16.107,39.024],[16.071,39.139],[16.024,39.354],[15.854,39.627],[15.764,39.87],[15.693,39.99],[15.585,40.053],[15.391,40.052],[15.295,40.07],[14.951,40.239],[14.927,40.265],[14.929,40.31],[14.986,40.377],[14.948,40.469],[14.907,40.556],[14.84,40.63],[14.766,40.668],[14.611,40.645],[14.557,40.626],[14.459,40.633],[14.383,40.6],[14.34,40.599],[14.461,40.729],[14.428,40.759],[14.309,40.813],[14.147,40.821],[14.102,40.827],[14.076,40.794],[14.044,40.812],[14.048,40.87],[13.86,41.13],[13.733,41.236],[13.67,41.254],[13.555,41.232],[13.362,41.279],[13.247,41.289],[13.183,41.278],[13.089,41.244],[13.041,41.266],[13.024,41.301],[12.849,41.409],[12.631,41.47],[12.206,41.813],[12.075,41.941],[11.807,42.082],[11.637,42.288],[11.498,42.363],[11.296,42.423],[11.25,42.416],[11.189,42.393],[11.141,42.39],[11.103,42.417],[11.142,42.444],[11.185,42.457],[11.168,42.535],[10.938,42.739],[10.803,42.804],[10.765,42.845],[10.737,42.9],[10.708,42.936],[10.645,42.957],[10.59,42.954],[10.515,42.968],[10.517,43.065],[10.532,43.14],[10.521,43.204],[10.448,43.371],[10.321,43.513],[10.246,43.852],[10.188,43.948],[10.048,44.02],[9.731,44.101],[9.289,44.319],[9.196,44.323],[8.93,44.408],[8.766,44.422],[8.552,44.346],[8.292,44.137],[8.082,43.919],[8.005,43.877],[7.733,43.803],[7.493,43.767],[7.491,43.823],[7.482,43.865],[7.523,43.911],[7.59,43.965],[7.651,44.034],[7.677,44.083],[7.665,44.116],[7.637,44.165],[7.599,44.168],[7.371,44.127],[7.319,44.138],[7.149,44.202],[6.967,44.28],[6.9,44.336],[6.875,44.392],[6.894,44.428],[6.879,44.463],[6.843,44.511],[6.875,44.565],[6.932,44.632],[6.96,44.677],[7.008,44.689],[7.031,44.717],[6.993,44.827],[6.973,44.845],[6.94,44.859],[6.889,44.86],[6.801,44.883],[6.738,44.921],[6.725,44.973],[6.691,45.023],[6.635,45.068],[6.628,45.118],[6.692,45.144],[6.78,45.145],[6.842,45.136],[6.981,45.216],[7.032,45.223],[7.078,45.24],[7.117,45.349],[7.146,45.382],[7.153,45.401],[7.126,45.424],[7.014,45.5],[6.962,45.581],[6.881,45.67],[6.806,45.71],[6.791,45.741],[6.789,45.78],[6.804,45.815],[6.941,45.868],[7.021,45.926]],[[12.439,41.898],[12.438,41.906],[12.431,41.905],[12.428,41.901],[12.431,41.898],[12.439,41.898]],[[12.485,43.901],[12.515,43.953],[12.504,43.99],[12.441,43.982],[12.397,43.935],[12.426,43.894],[12.485,43.901]]],[[[10.395,42.858],[10.428,42.819],[10.432,42.797],[10.41,42.771],[10.419,42.713],[10.336,42.761],[10.209,42.737],[10.131,42.742],[10.11,42.785],[10.128,42.81],[10.248,42.816],[10.286,42.828],[10.359,42.822],[10.395,42.858]]],[[[13.938,40.706],[13.894,40.697],[13.868,40.709],[13.854,40.724],[13.871,40.762],[13.962,40.739],[13.961,40.718],[13.938,40.706]]]]}},{"type":"Feature","properties":{"SUBUNIT":"Ireland"},"geometry":{"type":"MultiPolygon","coordinates":[[[[-9.948,53.913],[-9.952,53.885],[-10.027,53.921],[-10.062,53.96],[-10.266,53.978],[-10.181,54.017],[-10.14,54.005],[-9.996,54.004],[-9.956,53.987],[-9.948,53.913]]],[[[-7.219,55.092],[-7.377,55.028],[-7.401,55.003],[-7.446,54.905],[-7.451,54.877],[-7.502,54.825],[-7.55,54.768],[-7.606,54.746],[-7.69,54.728],[-7.737,54.71],[-7.797,54.719],[-7.873,54.718],[-7.911,54.698],[-7.909,54.683],[-7.886,54.666],[-7.82,54.64],[-7.746,54.616],[-7.754,54.595],[-7.794,54.571],[-8.044,54.512],[-8.119,54.477],[-8.145,54.454],[-8.118,54.414],[-7.918,54.297],[-7.884,54.284],[-7.855,54.215],[-7.679,54.187],[-7.607,54.144],[-7.544,54.134],[-7.409,54.137],[-7.355,54.121],[-7.325,54.133],[-7.307,54.156],[-7.193,54.214],[-7.155,54.24],[-7.178,54.275],[-7.203,54.302],[-7.133,54.355],[-7.05,54.408],[-7.008,54.407],[-6.936,54.374],[-6.877,54.329],[-6.869,54.294],[-6.858,54.269],[-6.803,54.214],[-6.767,54.196],[-6.67,54.185],[-6.647,54.163],[-6.664,54.085],[-6.65,54.059],[-6.548,54.057],[-6.44,54.064],[-6.403,54.061],[-6.364,54.077],[-6.304,54.095],[-6.218,54.089],[-6.176,54.054],[-6.157,54.017],[-6.231,54.004],[-6.308,54.011],[-6.345,53.987],[-6.348,53.941],[-6.322,53.882],[-6.27,53.84],[-6.229,53.746],[-6.195,53.641],[-6.142,53.578],[-6.131,53.499],[-6.139,53.46],[-6.129,53.391],[-6.152,53.366],[-6.135,53.301],[-6.072,53.166],[-6.045,53.091],[-6.027,52.927],[-6.071,52.866],[-6.131,52.807],[-6.169,52.738],[-6.199,52.663],[-6.217,52.543],[-6.345,52.402],[-6.4,52.367],[-6.463,52.345],[-6.325,52.247],[-6.438,52.203],[-6.561,52.189],[-6.697,52.214],[-6.782,52.21],[-6.86,52.179],[-6.89,52.159],[-6.915,52.169],[-6.966,52.25],[-7.003,52.166],[-7.082,52.139],[-7.216,52.145],[-7.441,52.123],[-7.527,52.099],[-7.563,52.062],[-7.59,52.019],[-7.625,51.993],[-7.665,51.98],[-7.838,51.948],[-7.872,51.935],[-7.952,51.866],[-8.058,51.826],[-8.145,51.814],[-8.222,51.854],[-8.254,51.878],[-8.29,51.891],[-8.409,51.889],[-8.372,51.876],[-8.347,51.848],[-8.336,51.793],[-8.349,51.739],[-8.408,51.712],[-8.478,51.707],[-8.588,51.651],[-8.734,51.636],[-8.813,51.585],[-9.296,51.498],[-9.324,51.497],[-9.391,51.519],[-9.463,51.529],[-9.535,51.522],[-9.737,51.474],[-9.835,51.483],[-9.71,51.604],[-9.542,51.664],[-9.525,51.681],[-9.58,51.689],[-9.899,51.647],[-10.01,51.611],[-10.121,51.601],[-10.069,51.656],[-9.926,51.731],[-9.85,51.766],[-9.803,51.78],[-9.75,51.824],[-9.599,51.874],[-10.084,51.771],[-10.212,51.784],[-10.242,51.812],[-10.341,51.799],[-10.379,51.869],[-10.232,51.975],[-10.146,52.02],[-10.044,52.045],[-9.946,52.08],[-9.91,52.123],[-9.956,52.137],[-10.25,52.126],[-10.39,52.135],[-10.383,52.169],[-10.357,52.207],[-10.211,52.272],[-10.132,52.282],[-10.062,52.276],[-9.993,52.259],[-9.937,52.238],[-9.772,52.25],[-9.841,52.291],[-9.853,52.375],[-9.906,52.404],[-9.838,52.443],[-9.761,52.466],[-9.632,52.547],[-9.586,52.559],[-9.331,52.579],[-9.056,52.621],[-8.783,52.68],[-8.923,52.712],[-8.99,52.755],[-9.098,52.668],[-9.175,52.635],[-9.394,52.617],[-9.463,52.627],[-9.561,52.654],[-9.591,52.644],[-9.62,52.623],[-9.764,52.58],[-9.917,52.57],[-9.74,52.648],[-9.515,52.781],[-9.465,52.823],[-9.394,52.896],[-9.416,52.929],[-9.462,52.947],[-9.299,53.098],[-9.242,53.125],[-9.138,53.129],[-9.061,53.153],[-9.027,53.153],[-8.997,53.162],[-8.93,53.207],[-9.034,53.236],[-9.14,53.25],[-9.471,53.235],[-9.514,53.238],[-9.555,53.252],[-9.582,53.272],[-9.602,53.323],[-9.626,53.334],[-9.701,53.334],[-9.774,53.319],[-9.825,53.32],[-9.876,53.343],[-9.795,53.395],[-9.899,53.407],[-10.004,53.397],[-10.091,53.413],[-10.094,53.446],[-10.054,53.478],[-10.106,53.509],[-10.117,53.549],[-10.062,53.568],[-10.001,53.561],[-9.878,53.59],[-9.721,53.604],[-9.856,53.633],[-9.91,53.658],[-9.912,53.695],[-9.902,53.727],[-9.745,53.781],[-9.578,53.805],[-9.591,53.841],[-9.579,53.88],[-9.748,53.891],[-9.914,53.864],[-9.896,53.938],[-9.856,54.004],[-9.848,54.048],[-9.856,54.095],[-9.934,54.075],[-9.944,54.142],[-9.977,54.187],[-10.093,54.156],[-10.09,54.216],[-10.056,54.258],[-9.996,54.276],[-9.936,54.268],[-9.825,54.269],[-9.717,54.3],[-9.562,54.309],[-9.316,54.299],[-9.146,54.21],[-9.102,54.226],[-9.034,54.282],[-9.002,54.288],[-8.747,54.263],[-8.588,54.231],[-8.546,54.241],[-8.568,54.304],[-8.623,54.347],[-8.554,54.404],[-8.471,54.442],[-8.415,54.461],[-8.287,54.485],[-8.23,54.507],[-8.193,54.58],[-8.133,54.641],[-8.457,54.609],[-8.764,54.681],[-8.715,54.732],[-8.65,54.761],[-8.538,54.783],[-8.528,54.809],[-8.471,54.832],[-8.377,54.889],[-8.412,54.965],[-8.393,55.02],[-8.326,55.056],[-8.305,55.108],[-8.275,55.146],[-8.138,55.16],[-8.006,55.195],[-7.959,55.192],[-7.803,55.2],[-7.751,55.186],[-7.763,55.248],[-7.667,55.256],[-7.63,55.244],[-7.613,55.2],[-7.57,55.171],[-7.557,55.122],[-7.586,55.084],[-7.634,55.055],[-7.59,55.025],[-7.659,54.971],[-7.584,54.994],[-7.478,55.047],[-7.484,55.09],[-7.502,55.145],[-7.531,55.194],[-7.518,55.248],[-7.458,55.282],[-7.302,55.299],[-7.366,55.36],[-7.309,55.366],[-7.247,55.353],[-7.155,55.305],[-7.06,55.268],[-6.962,55.238],[-7.056,55.178],[-7.173,55.137],[-7.219,55.092]]]]}},{"type":"Feature","properties":{"SUBUNIT":"Germany"},"geometry":{"type":"MultiPolygon","coordinates":[[[[9.524,47.524],[9.35,47.599],[9.183,47.671],[9.128,47.671],[8.881,47.656],[8.874,47.663],[8.831,47.704],[8.793,47.717],[8.77,47.71],[8.755,47.698],[8.728,47.7],[8.618,47.766],[8.573,47.776],[8.51,47.767],[8.436,47.731],[8.403,47.688],[8.413,47.663],[8.452,47.652],[8.552,47.659],[8.567,47.652],[8.571,47.638],[8.559,47.624],[8.478,47.613],[8.454,47.596],[8.43,47.592],[8.415,47.59],[8.328,47.607],[8.198,47.607],[8.094,47.576],[7.927,47.564],[7.698,47.57],[7.616,47.593],[7.565,47.607],[7.529,47.674],[7.539,47.774],[7.593,47.906],[7.608,48.003],[7.584,48.064],[7.617,48.157],[7.706,48.28],[7.765,48.41],[7.795,48.547],[7.838,48.636],[7.923,48.699],[8.124,48.873],[8.14,48.886],[8.135,48.974],[8.081,48.986],[8.001,49.011],[7.799,49.042],[7.611,49.062],[7.525,49.086],[7.451,49.152],[7.404,49.153],[7.313,49.13],[7.2,49.114],[7.117,49.128],[7.066,49.125],[7.037,49.113],[7.022,49.123],[7.001,49.18],[6.958,49.195],[6.891,49.208],[6.85,49.202],[6.821,49.174],[6.776,49.154],[6.735,49.161],[6.608,49.291],[6.575,49.32],[6.566,49.346],[6.534,49.395],[6.458,49.443],[6.382,49.458],[6.344,49.453],[6.348,49.513],[6.378,49.6],[6.407,49.645],[6.445,49.682],[6.485,49.708],[6.494,49.754],[6.487,49.798],[6.441,49.805],[6.325,49.838],[6.256,49.872],[6.205,49.915],[6.138,49.974],[6.11,50.034],[6.108,50.094],[6.117,50.121],[6.121,50.139],[6.175,50.233],[6.364,50.316],[6.344,50.4],[6.341,50.452],[6.295,50.485],[6.203,50.499],[6.179,50.523],[6.168,50.545],[6.236,50.597],[6.154,50.637],[6.119,50.679],[6.006,50.732],[5.994,50.75],[6.048,50.905],[6.007,50.95],[5.955,50.973],[5.895,50.984],[5.867,51.006],[5.858,51.03],[5.868,51.045],[5.939,51.041],[5.961,51.057],[6.13,51.147],[6.137,51.165],[6.113,51.175],[6.082,51.18],[6.075,51.199],[6.076,51.224],[6.166,51.355],[6.193,51.411],[6.199,51.45],[6.193,51.489],[6.142,51.55],[6.091,51.599],[6.089,51.638],[6.053,51.658],[5.949,51.762],[5.949,51.803],[6.008,51.834],[6.09,51.854],[6.117,51.87],[6.167,51.881],[6.297,51.851],[6.356,51.825],[6.372,51.83],[6.425,51.858],[6.518,51.854],[6.742,51.911],[6.775,51.938],[6.8,51.967],[6.802,51.98],[6.716,52.036],[6.713,52.057],[6.725,52.08],[6.749,52.099],[6.8,52.111],[6.855,52.136],[6.977,52.206],[7.02,52.266],[7.033,52.331],[7.035,52.38],[7.002,52.419],[6.968,52.444],[6.922,52.44],[6.833,52.442],[6.749,52.464],[6.703,52.499],[6.692,52.53],[6.712,52.55],[6.719,52.574],[6.705,52.598],[6.711,52.618],[6.748,52.634],[7.013,52.634],[7.033,52.651],[7.051,52.745],[7.117,52.887],[7.179,52.966],[7.19,53.0],[7.189,53.187],[7.197,53.282],[7.152,53.327],[7.053,53.376],[7.074,53.478],[7.107,53.557],[7.206,53.655],[7.285,53.681],[7.629,53.697],[8.009,53.691],[8.167,53.543],[8.108,53.468],[8.201,53.432],[8.245,53.445],[8.279,53.511],[8.302,53.584],[8.334,53.606],[8.451,53.552],[8.493,53.514],[8.495,53.394],[8.538,53.557],[8.506,53.671],[8.528,53.781],[8.576,53.838],[8.619,53.875],[8.898,53.836],[9.206,53.856],[9.322,53.813],[9.585,53.6],[9.673,53.566],[9.784,53.555],[9.631,53.6],[9.312,53.859],[9.216,53.891],[9.07,53.901],[8.978,53.926],[8.92,53.965],[8.904,54.0],[8.907,54.261],[8.852,54.3],[8.78,54.313],[8.736,54.295],[8.645,54.295],[8.626,54.354],[8.648,54.398],[8.831,54.428],[8.952,54.468],[8.957,54.538],[8.881,54.594],[8.79,54.696],[8.682,54.792],[8.67,54.903],[8.671,54.903],[8.857,54.901],[8.903,54.897],[9.186,54.845],[9.255,54.808],[9.342,54.806],[9.499,54.84],[9.616,54.855],[9.661,54.834],[9.725,54.826],[9.74,54.826],[9.746,54.807],[9.892,54.781],[9.954,54.738],[10.022,54.674],[10.029,54.581],[9.941,54.515],[9.869,54.472],[10.143,54.488],[10.171,54.45],[10.212,54.409],[10.36,54.438],[10.732,54.316],[10.956,54.376],[11.013,54.379],[11.064,54.281],[11.009,54.181],[10.811,54.075],[10.855,54.01],[10.918,53.995],[11.104,54.009],[11.4,53.945],[11.461,53.965],[11.701,54.114],[11.796,54.145],[12.111,54.168],[12.169,54.226],[12.296,54.284],[12.379,54.347],[12.575,54.467],[12.779,54.446],[12.898,54.423],[13.029,54.411],[13.147,54.283],[13.448,54.141],[13.724,54.153],[13.822,54.019],[13.866,53.853],[13.95,53.801],[14.025,53.767],[14.25,53.732],[14.259,53.73],[14.266,53.707],[14.28,53.625],[14.299,53.556],[14.415,53.283],[14.412,53.217],[14.411,53.199],[14.369,53.106],[14.293,53.027],[14.194,52.982],[14.139,52.933],[14.129,52.878],[14.254,52.783],[14.514,52.646],[14.619,52.529],[14.57,52.431],[14.555,52.36],[14.574,52.314],[14.616,52.278],[14.68,52.25],[14.705,52.207],[14.692,52.15],[14.705,52.11],[14.753,52.082],[14.748,52.071],[14.725,52.031],[14.693,51.958],[14.675,51.905],[14.602,51.832],[14.624,51.771],[14.681,51.698],[14.725,51.662],[14.739,51.627],[14.711,51.545],[14.725,51.524],[14.906,51.463],[14.936,51.435],[14.953,51.377],[15.017,51.253],[14.964,51.095],[14.917,51.009],[14.814,50.872],[14.809,50.859],[14.797,50.842],[14.767,50.818],[14.723,50.815],[14.658,50.833],[14.614,50.856],[14.624,50.915],[14.595,50.919],[14.56,50.955],[14.546,50.994],[14.507,51.01],[14.367,51.026],[14.32,51.038],[14.283,51.029],[14.256,51.002],[14.273,50.977],[14.299,50.953],[14.377,50.914],[14.369,50.899],[14.202,50.861],[14.096,50.823],[13.998,50.801],[13.899,50.761],[13.701,50.717],[13.557,50.705],[13.527,50.693],[13.473,50.617],[13.436,50.601],[13.401,50.609],[13.375,50.622],[13.341,50.611],[13.306,50.586],[13.27,50.576],[13.238,50.577],[13.181,50.51],[13.016,50.49],[12.997,50.456],[12.967,50.416],[12.943,50.406],[12.868,50.422],[12.765,50.431],[12.706,50.409],[12.636,50.397],[12.549,50.393],[12.453,50.35],[12.359,50.273],[12.306,50.206],[12.277,50.181],[12.231,50.245],[12.175,50.288],[12.135,50.311],[12.099,50.311],[12.09,50.302],[12.09,50.269],[12.128,50.213],[12.175,50.176],[12.183,50.148],[12.208,50.098],[12.276,50.042],[12.384,49.999],[12.458,49.956],[12.512,49.896],[12.512,49.877],[12.498,49.853],[12.472,49.83],[12.45,49.8],[12.391,49.74],[12.408,49.713],[12.457,49.68],[12.5,49.64],[12.556,49.575],[12.632,49.461],[12.681,49.415],[12.748,49.366],[12.813,49.329],[12.917,49.33],[13.024,49.26],[13.141,49.158],[13.228,49.112],[13.289,49.097],[13.339,49.061],[13.384,49.008],[13.401,48.978],[13.441,48.956],[13.548,48.96],[13.685,48.877],[13.77,48.816],[13.815,48.767],[13.803,48.748],[13.797,48.686],[13.799,48.622],[13.785,48.587],[13.724,48.542],[13.692,48.533],[13.675,48.523],[13.487,48.582],[13.472,48.572],[13.46,48.565],[13.409,48.394],[13.375,48.361],[13.323,48.331],[13.215,48.302],[13.14,48.29],[13.082,48.275],[12.897,48.204],[12.814,48.161],[12.76,48.107],[12.76,48.076],[12.85,47.985],[12.954,47.891],[12.954,47.808],[12.908,47.746],[12.898,47.722],[12.928,47.713],[12.986,47.709],[13.034,47.699],[13.054,47.655],[13.048,47.579],[13.032,47.508],[13.014,47.478],[12.968,47.476],[12.879,47.506],[12.809,47.542],[12.783,47.564],[12.781,47.59],[12.796,47.607],[12.771,47.639],[12.686,47.669],[12.594,47.656],[12.527,47.636],[12.483,47.637],[12.436,47.666],[12.363,47.688],[12.268,47.703],[12.209,47.718],[12.197,47.709],[12.204,47.647],[12.186,47.62],[11.717,47.583],[11.574,47.55],[11.47,47.506],[11.393,47.487],[11.374,47.46],[11.298,47.425],[11.212,47.414],[11.191,47.425],[11.136,47.409],[11.042,47.393],[10.981,47.398],[10.952,47.427],[10.894,47.47],[10.871,47.501],[10.873,47.52],[10.742,47.524],[10.659,47.547],[10.483,47.542],[10.439,47.552],[10.43,47.541],[10.404,47.417],[10.369,47.366],[10.313,47.313],[10.241,47.284],[10.183,47.279],[10.186,47.317],[10.2,47.363],[10.159,47.374],[10.096,47.38],[10.066,47.393],[10.074,47.429],[10.06,47.449],[10.034,47.474],[9.972,47.505],[9.839,47.552],[9.749,47.576],[9.715,47.551],[9.651,47.526],[9.549,47.534],[9.524,47.524]]],[[[13.709,54.383],[13.734,54.315],[13.707,54.281],[13.595,54.338],[13.482,54.337],[13.415,54.25],[13.364,54.246],[13.19,54.326],[13.162,54.365],[13.156,54.397],[13.181,54.509],[13.177,54.544],[13.231,54.583],[13.24,54.638],[13.337,54.697],[13.423,54.699],[13.45,54.65],[13.491,54.615],[13.636,54.577],[13.658,54.56],[13.671,54.535],[13.603,54.488],[13.58,54.464],[13.602,54.425],[13.709,54.383]]],[[[14.211,53.95],[14.198,53.919],[14.214,53.871],[14.172,53.874],[14.048,53.863],[13.926,53.879],[13.902,53.939],[13.922,53.997],[13.872,54.036],[13.827,54.06],[13.82,54.093],[13.828,54.127],[14.039,54.035],[14.211,53.95]]],[[[11.283,54.418],[11.129,54.416],[11.071,54.456],[11.012,54.466],[11.043,54.515],[11.085,54.533],[11.234,54.501],[11.28,54.438],[11.283,54.418]]],[[[8.308,54.787],[8.285,54.767],[8.296,54.908],[8.405,55.059],[8.451,55.055],[8.404,55.015],[8.39,54.986],[8.371,54.929],[8.38,54.9],[8.63,54.892],[8.601,54.865],[8.347,54.848],[8.308,54.787]]],[[[8.588,54.713],[8.549,54.688],[8.454,54.691],[8.4,54.714],[8.418,54.739],[8.468,54.757],[8.51,54.76],[8.573,54.749],[8.588,54.713]]]]}},{"type":"Feature","properties":{"SUBUNIT":"France"},"geometry":{"type":"MultiPolygon","coordinates":[[[[7.616,47.593],[7.495,47.547],[7.467,47.508],[7.42,47.455],[7.343,47.433],[7.266,47.426],[7.203,47.433],[7.167,47.454],[7.169,47.473],[7.136,47.49],[7.053,47.489],[6.968,47.453],[6.9,47.394],[6.921,47.361],[6.984,47.353],[7.001,47.339],[7.001,47.323],[6.979,47.302],[6.952,47.267],[6.821,47.163],[6.688,47.058],[6.667,47.027],[6.625,47.004],[6.456,46.948],[6.439,46.926],[6.429,46.832],[6.41,46.755],[6.285,46.683],[6.161,46.611],[6.13,46.567],[6.107,46.516],[6.068,46.459],[6.06,46.428],[6.123,46.379],[6.116,46.338],[6.096,46.279],[6.036,46.238],[5.97,46.215],[5.971,46.151],[6.007,46.142],[6.087,46.147],[6.199,46.193],[6.273,46.252],[6.23,46.308],[6.224,46.319],[6.235,46.333],[6.322,46.394],[6.429,46.431],[6.578,46.437],[6.758,46.416],[6.776,46.407],[6.767,46.369],[6.784,46.314],[6.817,46.275],[6.772,46.165],[6.806,46.131],[6.858,46.089],[6.897,46.052],[6.954,46.017],[7.004,45.959],[7.021,45.926],[6.941,45.868],[6.804,45.815],[6.789,45.78],[6.791,45.741],[6.806,45.71],[6.881,45.67],[6.962,45.581],[7.014,45.5],[7.126,45.424],[7.153,45.401],[7.146,45.382],[7.117,45.349],[7.078,45.24],[7.032,45.223],[6.981,45.216],[6.842,45.136],[6.78,45.145],[6.692,45.144],[6.628,45.118],[6.635,45.068],[6.691,45.023],[6.725,44.973],[6.738,44.921],[6.801,44.883],[6.889,44.86],[6.94,44.859],[6.973,44.845],[6.993,44.827],[7.031,44.717],[7.008,44.689],[6.96,44.677],[6.932,44.632],[6.875,44.565],[6.843,44.511],[6.879,44.463],[6.894,44.428],[6.875,44.392],[6.9,44.336],[6.967,44.28],[7.149,44.202],[7.319,44.138],[7.371,44.127],[7.599,44.168],[7.637,44.165],[7.665,44.116],[7.677,44.083],[7.651,44.034],[7.59,43.965],[7.523,43.911],[7.482,43.865],[7.491,43.823],[7.493,43.767],[7.439,43.75],[7.437,43.761],[7.414,43.771],[7.395,43.765],[7.38,43.753],[7.378,43.732],[7.262,43.696],[7.181,43.659],[6.865,43.438],[6.717,43.374],[6.687,43.335],[6.657,43.262],[6.57,43.199],[6.494,43.169],[6.305,43.139],[6.116,43.072],[6.031,43.101],[5.809,43.098],[5.672,43.178],[5.407,43.229],[5.32,43.345],[5.2,43.352],[5.12,43.349],[5.073,43.367],[5.061,43.406],[5.06,43.445],[4.976,43.427],[4.912,43.427],[4.874,43.412],[4.844,43.394],[4.808,43.405],[4.787,43.401],[4.789,43.379],[4.712,43.373],[4.629,43.387],[4.41,43.447],[4.376,43.456],[4.224,43.48],[4.163,43.504],[4.113,43.563],[4.075,43.582],[4.053,43.593],[3.911,43.563],[3.862,43.516],[3.785,43.462],[3.259,43.193],[3.163,43.081],[3.052,42.915],[3.043,42.838],[3.091,42.591],[3.198,42.461],[3.211,42.431],[3.152,42.431],[3.053,42.447],[2.97,42.467],[2.891,42.456],[2.816,42.429],[2.749,42.413],[2.702,42.408],[2.67,42.393],[2.655,42.362],[2.652,42.34],[2.568,42.346],[2.374,42.39],[2.2,42.421],[2.098,42.386],[2.033,42.354],[1.987,42.358],[1.951,42.393],[1.928,42.426],[1.86,42.457],[1.706,42.503],[1.714,42.526],[1.74,42.557],[1.739,42.576],[1.71,42.604],[1.568,42.635],[1.501,42.643],[1.459,42.622],[1.428,42.596],[1.349,42.691],[1.293,42.71],[1.208,42.713],[1.111,42.742],[1.01,42.779],[0.764,42.838],[0.697,42.845],[0.67,42.836],[0.652,42.8],[0.642,42.701],[0.632,42.69],[0.518,42.686],[0.377,42.7],[0.313,42.693],[0.255,42.693],[0.201,42.719],[-0.041,42.689],[-0.081,42.704],[-0.14,42.749],[-0.205,42.785],[-0.256,42.804],[-0.299,42.825],[-0.339,42.829],[-0.398,42.808],[-0.481,42.799],[-0.55,42.802],[-0.586,42.799],[-0.74,42.91],[-0.763,42.94],[-0.839,42.948],[-0.934,42.95],[-1.175,43.021],[-1.285,43.06],[-1.302,43.082],[-1.3,43.101],[-1.319,43.097],[-1.353,43.064],[-1.371,43.038],[-1.394,43.033],[-1.429,43.037],[-1.461,43.052],[-1.48,43.071],[-1.459,43.105],[-1.423,43.149],[-1.407,43.197],[-1.411,43.24],[-1.472,43.268],[-1.561,43.279],[-1.627,43.282],[-1.713,43.307],[-1.753,43.325],[-1.793,43.373],[-1.794,43.407],[-1.631,43.438],[-1.485,43.564],[-1.346,44.02],[-1.246,44.56],[-1.171,44.662],[-1.077,44.69],[-1.153,44.764],[-1.2,44.726],[-1.22,44.687],[-1.245,44.667],[-1.189,45.161],[-1.149,45.343],[-1.081,45.532],[-0.942,45.457],[-0.826,45.381],[-0.767,45.314],[-0.691,45.093],[-0.634,45.047],[-0.548,45.001],[-0.582,45.051],[-0.641,45.09],[-0.733,45.385],[-0.791,45.468],[-0.881,45.538],[-1.17,45.686],[-1.196,45.714],[-1.21,45.771],[-1.114,45.769],[-1.032,45.741],[-1.042,45.773],[-1.066,45.806],[-1.104,45.925],[-1.136,46.205],[-1.132,46.253],[-1.146,46.311],[-1.239,46.325],[-1.313,46.327],[-1.392,46.35],[-1.787,46.515],[-1.921,46.685],[-2.059,46.81],[-2.092,46.865],[-2.09,46.921],[-2.019,47.038],[-2.082,47.112],[-2.144,47.126],[-2.197,47.163],[-2.149,47.224],[-2.108,47.263],[-2.028,47.274],[-1.922,47.261],[-1.821,47.225],[-1.743,47.216],[-1.975,47.311],[-2.353,47.279],[-2.434,47.291],[-2.503,47.312],[-2.53,47.382],[-2.476,47.413],[-2.428,47.471],[-2.483,47.512],[-2.554,47.527],[-2.666,47.526],[-2.77,47.514],[-2.797,47.537],[-2.733,47.602],[-2.787,47.626],[-2.859,47.614],[-2.964,47.601],[-3.064,47.621],[-3.159,47.695],[-3.222,47.694],[-3.265,47.685],[-3.329,47.713],[-3.396,47.72],[-3.444,47.711],[-3.508,47.753],[-3.901,47.838],[-4.071,47.848],[-4.226,47.81],[-4.312,47.823],[-4.375,47.877],[-4.428,47.969],[-4.679,48.04],[-4.629,48.086],[-4.512,48.097],[-4.378,48.129],[-4.329,48.17],[-4.435,48.218],[-4.512,48.23],[-4.544,48.247],[-4.577,48.29],[-4.531,48.31],[-4.498,48.299],[-4.403,48.293],[-4.241,48.304],[-4.302,48.347],[-4.364,48.357],[-4.393,48.368],[-4.525,48.372],[-4.585,48.358],[-4.719,48.363],[-4.749,48.41],[-4.763,48.45],[-4.721,48.54],[-4.531,48.62],[-4.059,48.708],[-3.856,48.695],[-3.715,48.71],[-3.546,48.766],[-3.471,48.813],[-3.231,48.841],[-3.003,48.791],[-2.793,48.601],[-2.692,48.537],[-2.446,48.648],[-2.079,48.645],[-2.004,48.582],[-1.973,48.635],[-1.906,48.697],[-1.852,48.669],[-1.825,48.631],[-1.438,48.641],[-1.376,48.653],[-1.48,48.698],[-1.565,48.806],[-1.583,49.202],[-1.69,49.313],[-1.813,49.49],[-1.87,49.595],[-1.875,49.631],[-1.856,49.684],[-1.705,49.681],[-1.588,49.668],[-1.366,49.707],[-1.259,49.68],[-1.265,49.598],[-1.232,49.495],[-1.195,49.445],[-1.139,49.388],[-0.959,49.393],[-0.766,49.36],[-0.521,49.355],[-0.163,49.297],[-0.011,49.33],[0.136,49.402],[0.417,49.448],[0.439,49.473],[0.278,49.463],[0.129,49.508],[0.109,49.558],[0.127,49.602],[0.187,49.703],[0.616,49.863],[0.924,49.91],[1.246,49.998],[1.407,50.089],[1.514,50.205],[1.548,50.231],[1.593,50.252],[1.552,50.294],[1.579,50.739],[1.61,50.819],[1.672,50.885],[1.768,50.936],[1.913,50.991],[2.446,51.067],[2.525,51.097],[2.536,51.05],[2.575,50.989],[2.601,50.955],[2.579,50.912],[2.597,50.876],[2.669,50.811],[2.759,50.751],[2.84,50.712],[2.862,50.716],[2.922,50.727],[3.023,50.767],[3.107,50.779],[3.155,50.749],[3.182,50.732],[3.235,50.663],[3.25,50.591],[3.273,50.532],[3.316,50.507],[3.477,50.499],[3.595,50.477],[3.627,50.457],[3.667,50.325],[3.689,50.306],[3.719,50.322],[3.748,50.344],[3.789,50.347],[3.858,50.339],[3.95,50.336],[4.044,50.321],[4.175,50.246],[4.17,50.222],[4.144,50.178],[4.135,50.144],[4.158,50.13],[4.192,50.094],[4.184,50.053],[4.15,50.024],[4.137,50],[4.137,49.984],[4.149,49.972],[4.176,49.96],[4.369,49.945],[4.545,49.96],[4.656,50.002],[4.675,50.047],[4.707,50.097],[4.773,50.139],[4.819,50.153],[4.861,50.136],[4.79,49.96],[4.842,49.915],[4.849,49.847],[4.868,49.788],[4.931,49.789],[5.007,49.778],[5.061,49.757],[5.124,49.721],[5.215,49.689],[5.279,49.678],[5.302,49.651],[5.354,49.62],[5.435,49.554],[5.507,49.511],[5.542,49.511],[5.61,49.528],[5.71,49.539],[5.79,49.538],[5.823,49.505],[5.901,49.49],[5.929,49.478],[5.959,49.455],[6.011,49.445],[6.074,49.455],[6.12,49.485],[6.181,49.499],[6.242,49.494],[6.277,49.478],[6.344,49.453],[6.382,49.458],[6.458,49.443],[6.534,49.395],[6.566,49.346],[6.575,49.32],[6.608,49.291],[6.735,49.161],[6.776,49.154],[6.821,49.174],[6.85,49.202],[6.891,49.208],[6.958,49.195],[7.001,49.18],[7.022,49.123],[7.037,49.113],[7.066,49.125],[7.117,49.128],[7.2,49.114],[7.313,49.13],[7.404,49.153],[7.451,49.152],[7.525,49.086],[7.611,49.062],[7.799,49.042],[8.001,49.011],[8.081,48.986],[8.135,48.974],[8.14,48.886],[8.124,48.873],[7.923,48.699],[7.838,48.636],[7.795,48.547],[7.765,48.41],[7.706,48.28],[7.617,48.157],[7.584,48.064],[7.608,48.003],[7.593,47.906],[7.539,47.774],[7.529,47.674],[7.565,47.607],[7.616,47.593]]],[[[-1.178,45.904],[-1.214,45.817],[-1.28,45.897],[-1.369,45.968],[-1.389,46.033],[-1.389,46.05],[-1.285,46.003],[-1.178,45.904]]]]}},{"type":"Feature","properties":{"SUBUNIT":"Brazil"},"geometry":{"type":"MultiPolygon","coordinates":[[[[-66.876,1.223],[-66.619,0.992],[-66.429,0.822],[-66.347,0.767],[-66.302,0.752],[-66.191,0.763],[-66.06,0.785],[-65.996,0.81],[-65.926,0.863],[-65.811,0.937],[-65.718,0.978],[-65.681,0.983],[-65.645,0.97],[-65.566,0.926],[-65.523,0.843],[-65.563,0.748],[-65.556,0.688],[-65.473,0.691],[-65.407,0.79],[-65.361,0.869],[-65.264,0.932],[-65.17,1.022],[-65.104,1.108],[-65.027,1.158],[-64.91,1.22],[-64.818,1.257],[-64.732,1.253],[-64.667,1.294],[-64.584,1.37],[-64.526,1.431],[-64.486,1.453],[-64.405,1.447],[-64.304,1.455],[-64.205,1.529],[-64.115,1.619],[-64.067,1.771],[-64.035,1.904],[-64.008,1.932],[-63.976,1.953],[-63.937,1.967],[-63.844,1.977],[-63.682,2.048],[-63.57,2.121],[-63.464,2.136],[-63.433,2.156],[-63.394,2.223],[-63.375,2.34],[-63.389,2.412],[-63.585,2.434],[-63.713,2.434],[-63.924,2.452],[-64.025,2.482],[-64.047,2.502],[-64.049,2.525],[-64.029,2.576],[-64.009,2.672],[-64.038,2.802],[-64.144,3.005],[-64.219,3.205],[-64.229,3.344],[-64.227,3.491],[-64.221,3.587],[-64.275,3.663],[-64.568,3.9],[-64.669,4.012],[-64.703,4.089],[-64.818,4.232],[-64.789,4.276],[-64.722,4.274],[-64.666,4.237],[-64.614,4.158],[-64.576,4.14],[-64.526,4.14],[-64.256,4.14],[-64.192,4.127],[-64.154,4.1],[-64.122,4.067],[-64.073,3.974],[-64.021,3.929],[-63.915,3.931],[-63.747,3.933],[-63.653,3.941],[-63.597,3.915],[-63.527,3.894],[-63.38,3.943],[-63.339,3.944],[-63.295,3.922],[-63.136,3.756],[-63.045,3.686],[-62.969,3.594],[-62.857,3.593],[-62.765,3.673],[-62.74,3.94],[-62.712,4.018],[-62.665,4.04],[-62.61,4.042],[-62.544,4.084],[-62.473,4.139],[-62.411,4.157],[-62.153,4.098],[-62.082,4.126],[-61.821,4.197],[-61.554,4.288],[-61.479,4.402],[-61.368,4.433],[-61.28,4.517],[-61.209,4.508],[-61.102,4.505],[-61.036,4.519],[-61.003,4.535],[-60.966,4.575],[-60.906,4.687],[-60.833,4.729],[-60.742,4.774],[-60.679,4.827],[-60.628,4.893],[-60.604,4.949],[-60.604,4.995],[-60.635,5.082],[-60.672,5.164],[-60.712,5.192],[-60.742,5.202],[-60.651,5.221],[-60.576,5.192],[-60.46,5.188],[-60.409,5.21],[-60.335,5.199],[-60.242,5.258],[-60.182,5.239],[-60.142,5.239],[-60.106,5.194],[-60.078,5.144],[-59.991,5.083],[-59.999,4.99],[-60.015,4.908],[-60.027,4.813],[-60.032,4.741],[-60.069,4.667],[-60.125,4.598],[-60.141,4.57],[-60.149,4.533],[-60.111,4.511],[-60.045,4.505],[-59.962,4.502],[-59.906,4.48],[-59.833,4.476],[-59.746,4.417],[-59.703,4.381],[-59.7,4.354],[-59.727,4.288],[-59.739,4.227],[-59.717,4.188],[-59.691,4.16],[-59.62,4.023],[-59.586,3.975],[-59.558,3.96],[-59.551,3.934],[-59.575,3.883],[-59.604,3.82],[-59.67,3.753],[-59.679,3.7],[-59.732,3.667],[-59.854,3.587],[-59.833,3.462],[-59.829,3.399],[-59.831,3.349],[-59.873,3.283],[-59.946,3.088],[-59.972,2.99],[-59.996,2.765],[-59.994,2.69],[-59.961,2.588],[-59.89,2.363],[-59.849,2.327],[-59.755,2.274],[-59.744,2.122],[-59.752,1.962],[-59.756,1.901],[-59.741,1.874],[-59.699,1.861],[-59.669,1.842],[-59.664,1.795],[-59.667,1.746],[-59.597,1.718],[-59.536,1.7],[-59.479,1.632],[-59.378,1.527],[-59.337,1.508],[-59.317,1.465],[-59.231,1.376],[-59.1,1.344],[-58.969,1.305],[-58.917,1.249],[-58.862,1.204],[-58.822,1.201],[-58.787,1.208],[-58.73,1.248],[-58.685,1.281],[-58.605,1.279],[-58.512,1.285],[-58.496,1.312],[-58.487,1.348],[-58.506,1.439],[-58.473,1.466],[-58.396,1.482],[-58.38,1.53],[-58.363,1.557],[-58.341,1.588],[-58.314,1.592],[-58.281,1.574],[-58.23,1.563],[-58.173,1.548],[-58.142,1.517],[-58.091,1.514],[-58.035,1.52],[-58.012,1.54],[-57.995,1.574],[-57.983,1.648],[-57.946,1.651],[-57.873,1.667],[-57.796,1.7],[-57.692,1.705],[-57.594,1.704],[-57.546,1.726],[-57.5,1.774],[-57.413,1.909],[-57.367,1.94],[-57.317,1.963],[-57.276,1.959],[-57.19,1.982],[-57.119,2.014],[-57.093,2.006],[-57.038,1.936],[-57.01,1.921],[-56.97,1.916],[-56.837,1.881],[-56.766,1.892],[-56.69,1.914],[-56.616,1.923],[-56.564,1.907],[-56.525,1.927],[-56.483,1.942],[-56.453,1.932],[-56.386,1.924],[-56.227,1.885],[-56.02,1.842],[-55.963,1.857],[-55.93,1.887],[-55.922,1.977],[-55.915,2.04],[-55.962,2.095],[-56.02,2.158],[-56.074,2.237],[-56.138,2.259],[-56.129,2.3],[-56.088,2.341],[-56.045,2.364],[-56.02,2.393],[-55.994,2.498],[-55.976,2.516],[-55.957,2.52],[-55.936,2.517],[-55.894,2.49],[-55.731,2.406],[-55.659,2.419],[-55.385,2.441],[-55.344,2.489],[-55.286,2.5],[-55.188,2.548],[-55.149,2.551],[-55.114,2.539],[-55.07,2.548],[-55.006,2.593],[-54.979,2.598],[-54.968,2.548],[-54.927,2.497],[-54.876,2.45],[-54.852,2.44],[-54.767,2.455],[-54.722,2.442],[-54.703,2.398],[-54.697,2.36],[-54.662,2.328],[-54.616,2.327],[-54.592,2.314],[-54.55,2.293],[-54.515,2.245],[-54.433,2.208],[-54.293,2.154],[-54.228,2.153],[-54.167,2.137],[-54.13,2.121],[-54.09,2.15],[-53.946,2.233],[-53.877,2.278],[-53.83,2.313],[-53.794,2.346],[-53.768,2.355],[-53.75,2.335],[-53.735,2.309],[-53.684,2.293],[-53.564,2.262],[-53.509,2.253],[-53.432,2.279],[-53.366,2.324],[-53.334,2.34],[-53.285,2.295],[-53.252,2.232],[-53.23,2.205],[-53.18,2.211],[-53.082,2.202],[-53.01,2.182],[-52.965,2.184],[-52.903,2.212],[-52.87,2.267],[-52.783,2.317],[-52.701,2.364],[-52.653,2.426],[-52.583,2.529],[-52.559,2.573],[-52.555,2.648],[-52.456,2.864],[-52.418,2.904],[-52.396,2.972],[-52.357,3.052],[-52.357,3.118],[-52.328,3.182],[-52.271,3.237],[-52.229,3.272],[-52.163,3.365],[-52.116,3.452],[-52.0,3.647],[-51.991,3.702],[-51.944,3.735],[-51.929,3.777],[-51.879,3.829],[-51.827,3.87],[-51.805,3.93],[-51.767,3.993],[-51.683,4.04],[-51.653,4.061],[-51.558,4.234],[-51.547,4.311],[-51.462,4.314],[-51.327,4.225],[-51.22,4.094],[-51.076,3.672],[-51.052,3.282],[-50.994,3.078],[-50.827,2.652],[-50.817,2.573],[-50.79,2.478],[-50.737,2.377],[-50.679,2.21],[-50.677,2.179],[-50.714,2.134],[-50.659,2.131],[-50.609,2.104],[-50.576,1.999],[-50.534,1.927],[-50.459,1.83],[-50.304,1.798],[-50.188,1.786],[-50.055,1.731],[-49.957,1.66],[-49.882,1.42],[-49.906,1.269],[-49.899,1.163],[-49.938,1.121],[-50.047,1.052],[-50.071,1.015],[-50.294,0.836],[-50.343,0.751],[-50.463,0.637],[-50.582,0.421],[-50.755,0.223],[-50.816,0.173],[-50.91,0.161],[-50.967,0.13],[-51.102,-0.031],[-51.283,-0.085],[-51.3,-0.179],[-51.404,-0.393],[-51.496,-0.509],[-51.555,-0.549],[-51.703,-0.762],[-51.722,-0.855],[-51.721,-1.018],[-51.819,-1.118],[-51.922,-1.181],[-51.934,-1.32],[-51.981,-1.368],[-52.02,-1.399],[-52.229,-1.363],[-52.553,-1.514],[-52.664,-1.552],[-52.31,-1.56],[-52.197,-1.64],[-51.948,-1.587],[-51.646,-1.394],[-51.531,-1.354],[-51.297,-1.224],[-51.202,-1.137],[-51.029,-1.032],[-50.992,-0.986],[-50.895,-0.938],[-50.842,-1.0],[-50.838,-1.039],[-50.918,-1.115],[-50.897,-1.164],[-50.845,-1.226],[-50.826,-1.311],[-50.819,-1.376],[-50.786,-1.49],[-50.679,-1.644],[-50.675,-1.695],[-50.69,-1.762],[-50.639,-1.817],[-50.586,-1.85],[-50.403,-2.016],[-50.26,-1.923],[-50.173,-1.896],[-50.117,-1.858],[-49.999,-1.832],[-49.903,-1.871],[-49.72,-1.926],[-49.585,-1.867],[-49.314,-1.732],[-49.399,-1.972],[-49.46,-2.192],[-49.507,-2.28],[-49.553,-2.52],[-49.599,-2.584],[-49.637,-2.657],[-49.576,-2.631],[-49.524,-2.597],[-49.458,-2.505],[-49.408,-2.344],[-49.211,-1.917],[-49.155,-1.879],[-48.991,-1.83],[-48.71,-1.488],[-48.6,-1.489],[-48.53,-1.567],[-48.463,-1.614],[-48.446,-1.52],[-48.35,-1.482],[-48.451,-1.436],[-48.468,-1.394],[-48.478,-1.324],[-48.409,-1.229],[-48.45,-1.146],[-48.306,-1.04],[-48.318,-0.961],[-48.266,-0.895],[-48.202,-0.828],[-48.128,-0.795],[-48.115,-0.738],[-48.069,-0.714],[-48.033,-0.705],[-47.961,-0.77],[-47.883,-0.693],[-47.808,-0.663],[-47.774,-0.677],[-47.731,-0.71],[-47.687,-0.725],[-47.651,-0.719],[-47.557,-0.67],[-47.471,-0.749],[-47.419,-0.766],[-47.433,-0.722],[-47.46,-0.681],[-47.439,-0.648],[-47.398,-0.627],[-47.269,-0.645],[-47.201,-0.68],[-47.127,-0.745],[-47.025,-0.75],[-46.944,-0.743],[-46.894,-0.78],[-46.811,-0.78],[-46.77,-0.837],[-46.644,-0.916],[-46.617,-0.971],[-46.516,-0.997],[-46.422,-1.03],[-46.321,-1.039],[-46.219,-1.031],[-46.215,-1.1],[-46.14,-1.118],[-46.045,-1.103],[-45.972,-1.187],[-45.779,-1.251],[-45.645,-1.348],[-45.557,-1.331],[-45.459,-1.356],[-45.353,-1.567],[-45.329,-1.717],[-45.282,-1.697],[-45.239,-1.629],[-45.182,-1.507],[-45.076,-1.466],[-45.026,-1.513],[-44.92,-1.589],[-44.828,-1.672],[-44.79,-1.725],[-44.721,-1.733],[-44.779,-1.799],[-44.721,-1.792],[-44.651,-1.746],[-44.592,-1.842],[-44.547,-1.946],[-44.538,-2.053],[-44.58,-2.114],[-44.617,-2.152],[-44.659,-2.228],[-44.708,-2.241],[-44.756,-2.266],[-44.701,-2.32],[-44.662,-2.373],[-44.579,-2.23],[-44.52,-2.19],[-44.435,-2.168],[-44.391,-2.27],[-44.382,-2.366],[-44.52,-2.405],[-44.521,-2.481],[-44.562,-2.524],[-44.589,-2.573],[-44.611,-2.677],[-44.639,-2.763],[-44.721,-3.142],[-44.723,-3.205],[-44.623,-3.138],[-44.438,-2.944],[-44.381,-2.738],[-44.308,-2.535],[-44.229,-2.471],[-44.179,-2.471],[-44.106,-2.493],[-44.101,-2.56],[-44.113,-2.599],[-44.192,-2.7],[-44.225,-2.755],[-44.193,-2.81],[-44.013,-2.642],[-43.933,-2.583],[-43.864,-2.595],[-43.729,-2.518],[-43.455,-2.502],[-43.435,-2.414],[-43.38,-2.376],[-43.23,-2.386],[-42.937,-2.465],[-42.832,-2.53],[-42.676,-2.59],[-42.594,-2.661],[-42.25,-2.792],[-42.0,-2.806],[-41.876,-2.747],[-41.722,-2.809],[-41.64,-2.879],[-41.48,-2.917],[-41.318,-2.936],[-41.195,-2.886],[-40.876,-2.87],[-40.475,-2.796],[-40.235,-2.813],[-39.965,-2.862],[-39.772,-2.986],[-39.609,-3.056],[-39.511,-3.126],[-39.353,-3.197],[-39.014,-3.39],[-38.896,-3.502],[-38.686,-3.654],[-38.476,-3.717],[-38.362,-3.876],[-38.272,-3.948],[-38.049,-4.216],[-37.796,-4.404],[-37.626,-4.592],[-37.301,-4.713],[-37.175,-4.912],[-36.955,-4.937],[-36.861,-4.967],[-36.747,-5.051],[-36.591,-5.098],[-36.387,-5.084],[-36.162,-5.094],[-35.98,-5.054],[-35.549,-5.129],[-35.482,-5.166],[-35.393,-5.251],[-35.235,-5.567],[-35.142,-5.917],[-35.095,-6.185],[-34.988,-6.394],[-34.93,-6.785],[-34.88,-6.908],[-34.876,-7.003],[-34.834,-7.024],[-34.805,-7.288],[-34.817,-7.395],[-34.858,-7.533],[-34.861,-7.595],[-34.855,-7.634],[-34.873,-7.692],[-34.879,-7.747],[-34.837,-7.872],[-34.835,-7.971],[-34.891,-8.092],[-34.967,-8.408],[-35.158,-8.931],[-35.341,-9.231],[-35.597,-9.541],[-35.764,-9.703],[-35.83,-9.719],[-35.891,-9.687],[-35.848,-9.772],[-35.885,-9.848],[-36.055,-10.076],[-36.224,-10.225],[-36.398,-10.484],[-36.412,-10.49],[-36.636,-10.59],[-36.768,-10.672],[-36.938,-10.82],[-37.093,-11.055],[-37.125,-11.085],[-37.183,-11.068],[-37.181,-11.188],[-37.315,-11.376],[-37.356,-11.404],[-37.355,-11.35],[-37.332,-11.31],[-37.321,-11.267],[-37.322,-11.215],[-37.359,-11.253],[-37.438,-11.394],[-37.412,-11.497],[-37.469,-11.654],[-37.689,-12.1],[-37.957,-12.475],[-38.019,-12.591],[-38.24,-12.844],[-38.402,-12.966],[-38.447,-12.967],[-38.499,-12.957],[-38.525,-12.762],[-38.654,-12.645],[-38.691,-12.624],[-38.744,-12.749],[-38.788,-12.783],[-38.852,-12.79],[-38.784,-12.844],[-38.764,-12.907],[-38.833,-13.033],[-38.835,-13.147],[-38.959,-13.273],[-39.031,-13.365],[-39.067,-13.48],[-39.089,-13.588],[-39.035,-13.559],[-39.009,-13.581],[-38.989,-13.615],[-39.001,-13.665],[-39.041,-13.758],[-39.035,-13.991],[-39.048,-14.044],[-39.008,-14.101],[-38.967,-14.003],[-38.942,-14.031],[-39.06,-14.655],[-39.013,-14.936],[-38.996,-15.254],[-38.943,-15.564],[-38.885,-15.842],[-38.881,-15.864],[-38.961,-16.187],[-39.063,-16.504],[-39.125,-16.764],[-39.164,-17.044],[-39.203,-17.178],[-39.215,-17.316],[-39.171,-17.642],[-39.154,-17.704],[-39.278,-17.849],[-39.413,-17.92],[-39.487,-17.99],[-39.651,-18.252],[-39.74,-18.64],[-39.742,-18.846],[-39.7,-19.278],[-39.731,-19.454],[-39.783,-19.572],[-39.845,-19.649],[-40.001,-19.742],[-40.142,-19.968],[-40.203,-20.206],[-40.299,-20.293],[-40.319,-20.426],[-40.396,-20.569],[-40.597,-20.784],[-40.727,-20.846],[-40.789,-20.906],[-40.829,-21.031],[-40.955,-21.238],[-41.047,-21.506],[-41.023,-21.597],[-41.022,-21.611],[-40.988,-21.92],[-41.0,-21.999],[-41.123,-22.084],[-41.583,-22.244],[-41.706,-22.31],[-41.98,-22.581],[-41.998,-22.645],[-41.986,-22.736],[-41.941,-22.788],[-41.987,-22.845],[-42.042,-22.947],[-42.122,-22.941],[-42.581,-22.941],[-42.829,-22.973],[-42.958,-22.967],[-43.016,-22.943],[-43.081,-22.903],[-43.101,-22.85],[-43.065,-22.771],[-43.086,-22.723],[-43.154,-22.725],[-43.229,-22.748],[-43.242,-22.795],[-43.237,-22.829],[-43.209,-22.878],[-43.194,-22.939],[-43.224,-22.991],[-43.369,-22.998],[-43.533,-23.046],[-43.737,-23.067],[-43.899,-23.101],[-43.974,-23.057],[-43.899,-23.035],[-43.791,-23.046],[-43.676,-23.009],[-43.703,-22.966],[-43.866,-22.911],[-44.047,-22.945],[-44.148,-23.011],[-44.368,-23.005],[-44.637,-23.055],[-44.681,-23.107],[-44.674,-23.207],[-44.621,-23.229],[-44.57,-23.274],[-44.619,-23.316],[-44.667,-23.335],[-44.952,-23.381],[-45.215,-23.576],[-45.325,-23.6],[-45.423,-23.685],[-45.433,-23.758],[-45.464,-23.803],[-45.527,-23.805],[-45.665,-23.765],[-45.843,-23.764],[-45.972,-23.796],[-46.631,-24.11],[-46.867,-24.236],[-47.137,-24.493],[-47.592,-24.781],[-47.831,-24.953],[-47.877,-24.997],[-47.914,-25.0],[-47.989,-25.036],[-47.959,-25.065],[-47.908,-25.068],[-47.929,-25.168],[-48.024,-25.237],[-48.203,-25.417],[-48.242,-25.403],[-48.186,-25.31],[-48.273,-25.306],[-48.402,-25.272],[-48.458,-25.311],[-48.428,-25.403],[-48.476,-25.443],[-48.564,-25.447],[-48.644,-25.437],[-48.732,-25.369],[-48.692,-25.492],[-48.507,-25.521],[-48.43,-25.55],[-48.401,-25.597],[-48.545,-25.816],[-48.666,-25.844],[-48.679,-25.875],[-48.613,-25.875],[-48.576,-25.935],[-48.619,-26.179],[-48.679,-26.226],[-48.714,-26.227],[-48.748,-26.269],[-48.701,-26.348],[-48.652,-26.406],[-48.658,-26.519],[-48.677,-26.612],[-48.678,-26.703],[-48.616,-26.878],[-48.593,-27.058],[-48.568,-27.123],[-48.554,-27.196],[-48.596,-27.264],[-48.572,-27.373],[-48.643,-27.558],[-48.606,-27.825],[-48.621,-28.076],[-48.648,-28.207],[-48.693,-28.31],[-48.797,-28.443],[-48.8,-28.575],[-49.024,-28.699],[-49.271,-28.871],[-49.5,-29.075],[-49.746,-29.363],[-50.033,-29.801],[-50.3,-30.426],[-50.62,-30.898],[-50.748,-31.068],[-50.921,-31.258],[-51.152,-31.48],[-51.46,-31.702],[-51.798,-31.9],[-51.92,-31.99],[-52.039,-32.115],[-52.069,-32.063],[-52.043,-31.978],[-52.06,-31.913],[-52.063,-31.83],[-51.995,-31.815],[-51.893,-31.868],[-51.841,-31.832],[-51.803,-31.797],[-51.681,-31.775],[-51.446,-31.557],[-51.272,-31.477],[-51.174,-31.34],[-51.158,-31.267],[-51.161,-31.119],[-51.106,-31.081],[-50.98,-31.094],[-50.954,-31.052],[-50.965,-31.005],[-50.941,-30.904],[-50.77,-30.813],[-50.689,-30.704],[-50.716,-30.426],[-50.685,-30.413],[-50.615,-30.457],[-50.582,-30.439],[-50.547,-30.317],[-50.564,-30.254],[-50.646,-30.237],[-50.932,-30.374],[-51.025,-30.369],[-51.04,-30.261],[-51.179,-30.211],[-51.234,-30.121],[-51.25,-30.06],[-51.298,-30.035],[-51.295,-30.141],[-51.282,-30.244],[-51.157,-30.364],[-51.188,-30.412],[-51.247,-30.468],[-51.288,-30.591],[-51.283,-30.752],[-51.316,-30.703],[-51.359,-30.675],[-51.376,-30.847],[-51.459,-30.913],[-51.485,-30.978],[-51.464,-31.053],[-51.506,-31.104],[-51.717,-31.244],[-51.927,-31.339],[-51.972,-31.384],[-51.995,-31.49],[-52.027,-31.599],[-52.12,-31.695],[-52.194,-31.886],[-52.192,-31.968],[-52.167,-32.088],[-52.127,-32.168],[-52.19,-32.221],[-52.275,-32.324],[-52.342,-32.44],[-52.508,-32.875],[-52.652,-33.138],[-52.763,-33.266],[-52.921,-33.402],[-53.371,-33.742],[-53.398,-33.737],[-53.464,-33.71],[-53.519,-33.677],[-53.531,-33.655],[-53.538,-33.623],[-53.53,-33.5],[-53.531,-33.171],[-53.512,-33.109],[-53.483,-33.069],[-53.395,-33.01],[-53.31,-32.927],[-53.214,-32.821],[-53.126,-32.737],[-53.157,-32.68],[-53.231,-32.625],[-53.363,-32.581],[-53.489,-32.503],[-53.602,-32.403],[-53.654,-32.299],[-53.701,-32.186],[-53.747,-32.097],[-53.762,-32.057],[-53.806,-32.04],[-53.877,-31.995],[-53.921,-31.952],[-53.985,-31.928],[-54.1,-31.902],[-54.221,-31.855],[-54.37,-31.745],[-54.478,-31.623],[-54.531,-31.542],[-54.588,-31.485],[-54.896,-31.391],[-55.036,-31.279],[-55.091,-31.314],[-55.174,-31.28],[-55.255,-31.226],[-55.279,-31.184],[-55.313,-31.142],[-55.346,-31.093],[-55.366,-31.046],[-55.45,-30.964],[-55.557,-30.876],[-55.603,-30.851],[-55.627,-30.858],[-55.65,-30.892],[-55.665,-30.925],[-55.706,-30.947],[-55.756,-30.987],[-55.808,-31.037],[-55.874,-31.07],[-55.952,-31.081],[-56.005,-31.079],[-56.016,-31.06],[-56.018,-30.992],[-55.999,-30.837],[-56.045,-30.778],[-56.106,-30.714],[-56.176,-30.628],[-56.407,-30.447],[-56.722,-30.187],[-56.833,-30.107],[-56.937,-30.101],[-57.033,-30.11],[-57.121,-30.144],[-57.187,-30.265],[-57.214,-30.283],[-57.384,-30.281],[-57.552,-30.261],[-57.609,-30.188],[-57.564,-30.14],[-57.405,-30.034],[-57.317,-29.939],[-57.301,-29.857],[-57.225,-29.782],[-57.089,-29.716],[-56.939,-29.595],[-56.772,-29.418],[-56.672,-29.287],[-56.636,-29.203],[-56.571,-29.138],[-56.476,-29.092],[-56.393,-28.997],[-56.322,-28.852],[-56.226,-28.737],[-56.103,-28.652],[-56.034,-28.581],[-56.02,-28.525],[-55.985,-28.489],[-55.93,-28.473],[-55.904,-28.443],[-55.905,-28.4],[-55.891,-28.37],[-55.859,-28.354],[-55.806,-28.36],[-55.732,-28.387],[-55.687,-28.382],[-55.672,-28.345],[-55.692,-28.303],[-55.746,-28.255],[-55.725,-28.204],[-55.582,-28.121],[-55.477,-28.089],[-55.41,-28.038],[-55.346,-27.956],[-55.244,-27.899],[-55.102,-27.867],[-55.064,-27.836],[-55.069,-27.796],[-55.04,-27.768],[-54.956,-27.747],[-54.91,-27.709],[-54.903,-27.652],[-54.876,-27.599],[-54.829,-27.551],[-54.777,-27.533],[-54.72,-27.545],[-54.666,-27.527],[-54.615,-27.477],[-54.555,-27.454],[-54.484,-27.457],[-54.448,-27.446],[-54.327,-27.424],[-54.26,-27.382],[-54.205,-27.29],[-54.156,-27.254],[-54.114,-27.275],[-54.04,-27.244],[-53.935,-27.161],[-53.916,-27.16],[-53.838,-27.121],[-53.758,-26.978],[-53.717,-26.883],[-53.727,-26.805],[-53.753,-26.749],[-53.745,-26.667],[-53.718,-26.443],[-53.711,-26.352],[-53.669,-26.288],[-53.671,-26.225],[-53.747,-26.084],[-53.823,-25.96],[-53.864,-25.749],[-53.891,-25.669],[-53.955,-25.648],[-54.012,-25.578],[-54.085,-25.572],[-54.119,-25.545],[-54.155,-25.523],[-54.206,-25.53],[-54.25,-25.57],[-54.332,-25.572],[-54.383,-25.589],[-54.444,-25.625],[-54.502,-25.608],[-54.538,-25.576],[-54.616,-25.576],[-54.611,-25.433],[-54.473,-25.22],[-54.436,-25.121],[-54.454,-25.065],[-54.413,-24.867],[-54.313,-24.528],[-54.281,-24.306],[-54.317,-24.201],[-54.318,-24.128],[-54.267,-24.066],[-54.242,-24.047],[-54.371,-23.971],[-54.44,-23.902],[-54.53,-23.852],[-54.625,-23.812],[-54.672,-23.829],[-54.721,-23.852],[-54.817,-23.888],[-54.926,-23.951],[-54.983,-23.975],[-55.082,-23.998],[-55.194,-24.017],[-55.287,-24.004],[-55.366,-23.991],[-55.416,-23.951],[-55.442,-23.865],[-55.442,-23.793],[-55.459,-23.687],[-55.518,-23.627],[-55.538,-23.581],[-55.542,-23.525],[-55.535,-23.462],[-55.518,-23.416],[-55.528,-23.359],[-55.555,-23.32],[-55.548,-23.25],[-55.561,-23.154],[-55.601,-23.095],[-55.621,-23.025],[-55.621,-22.956],[-55.651,-22.886],[-55.654,-22.81],[-55.628,-22.741],[-55.618,-22.671],[-55.647,-22.622],[-55.704,-22.592],[-55.747,-22.513],[-55.753,-22.41],[-55.8,-22.354],[-55.849,-22.308],[-55.905,-22.308],[-55.991,-22.281],[-56.067,-22.284],[-56.19,-22.281],[-56.246,-22.265],[-56.276,-22.228],[-56.352,-22.179],[-56.395,-22.093],[-56.448,-22.076],[-56.524,-22.103],[-56.55,-22.136],[-56.58,-22.182],[-56.633,-22.235],[-56.702,-22.232],[-56.775,-22.261],[-56.845,-22.265],[-56.937,-22.271],[-57.03,-22.245],[-57.142,-22.215],[-57.238,-22.195],[-57.331,-22.215],[-57.394,-22.198],[-57.476,-22.189],[-57.569,-22.182],[-57.642,-22.129],[-57.721,-22.099],[-57.764,-22.109],[-57.82,-22.142],[-57.88,-22.136],[-57.956,-22.109],[-57.986,-22.046],[-57.979,-22.007],[-57.962,-21.967],[-57.933,-21.911],[-57.949,-21.851],[-57.943,-21.798],[-57.929,-21.752],[-57.916,-21.699],[-57.926,-21.65],[-57.929,-21.597],[-57.936,-21.547],[-57.946,-21.494],[-57.906,-21.418],[-57.873,-21.355],[-57.893,-21.302],[-57.886,-21.266],[-57.86,-21.206],[-57.827,-21.134],[-57.83,-20.998],[-57.86,-20.919],[-57.892,-20.897],[-57.9,-20.873],[-57.885,-20.842],[-57.902,-20.809],[-57.908,-20.776],[-57.891,-20.747],[-57.915,-20.69],[-57.962,-20.674],[-57.979,-20.657],[-57.996,-20.594],[-58.009,-20.522],[-58.002,-20.465],[-58.025,-20.416],[-58.058,-20.386],[-58.092,-20.333],[-58.125,-20.293],[-58.138,-20.237],[-58.16,-20.165],[-58.094,-20.151],[-58.068,-20.11],[-58.021,-20.055],[-57.96,-20.041],[-57.888,-20.02],[-57.861,-19.98],[-58.03,-19.833],[-58.131,-19.745],[-58.072,-19.625],[-57.972,-19.424],[-57.875,-19.229],[-57.8,-19.081],[-57.781,-19.054],[-57.717,-19.044],[-57.729,-18.967],[-57.731,-18.917],[-57.783,-18.914],[-57.725,-18.733],[-57.639,-18.475],[-57.574,-18.279],[-57.553,-18.246],[-57.506,-18.237],[-57.496,-18.215],[-57.552,-18.183],[-57.586,-18.122],[-57.662,-17.947],[-57.78,-17.672],[-57.789,-17.573],[-57.832,-17.512],[-57.905,-17.532],[-57.991,-17.513],[-58.206,-17.363],[-58.348,-17.282],[-58.396,-17.234],[-58.417,-17.081],[-58.46,-16.911],[-58.478,-16.701],[-58.471,-16.65],[-58.35,-16.491],[-58.351,-16.41],[-58.341,-16.34],[-58.346,-16.284],[-58.375,-16.284],[-58.424,-16.308],[-58.497,-16.327],[-58.538,-16.328],[-58.957,-16.313],[-59.434,-16.296],[-59.831,-16.282],[-60.176,-16.269],[-60.187,-16.132],[-60.207,-15.902],[-60.22,-15.739],[-60.242,-15.48],[-60.38,-15.318],[-60.53,-15.143],[-60.583,-15.098],[-60.402,-15.093],[-60.273,-15.089],[-60.299,-14.619],[-60.338,-14.571],[-60.373,-14.419],[-60.396,-14.333],[-60.46,-14.263],[-60.475,-14.185],[-60.463,-14.132],[-60.428,-14.1],[-60.405,-14.019],[-60.422,-13.938],[-60.46,-13.862],[-60.507,-13.79],[-60.595,-13.745],[-60.722,-13.664],[-60.915,-13.561],[-61.077,-13.49],[-61.129,-13.499],[-61.416,-13.527],[-61.512,-13.541],[-61.576,-13.525],[-61.79,-13.526],[-61.874,-13.47],[-61.945,-13.406],[-62.095,-13.242],[-62.118,-13.16],[-62.176,-13.134],[-62.264,-13.144],[-62.353,-13.132],[-62.526,-13.064],[-62.687,-12.994],[-62.765,-12.997],[-62.835,-12.954],[-62.958,-12.847],[-63.015,-12.806],[-63.041,-12.75],[-63.067,-12.669],[-63.117,-12.652],[-63.181,-12.666],[-63.25,-12.708],[-63.347,-12.68],[-63.465,-12.605],[-63.542,-12.547],[-63.586,-12.519],[-63.689,-12.478],[-63.788,-12.469],[-63.939,-12.53],[-64.062,-12.505],[-64.255,-12.483],[-64.421,-12.44],[-64.481,-12.326],[-64.513,-12.251],[-64.612,-12.204],[-64.69,-12.146],[-64.783,-12.059],[-64.83,-12.03],[-64.914,-12.006],[-64.993,-11.975],[-65.001,-11.92],[-65.03,-11.847],[-65.037,-11.829],[-65.09,-11.741],[-65.115,-11.735],[-65.143,-11.752],[-65.163,-11.765],[-65.186,-11.75],[-65.19,-11.71],[-65.175,-11.647],[-65.206,-11.581],[-65.282,-11.511],[-65.322,-11.439],[-65.325,-11.365],[-65.342,-11.315],[-65.373,-11.29],[-65.39,-11.246],[-65.394,-11.184],[-65.372,-11.11],[-65.324,-11.025],[-65.334,-10.893],[-65.402,-10.715],[-65.44,-10.586],[-65.447,-10.507],[-65.437,-10.449],[-65.395,-10.392],[-65.313,-10.253],[-65.299,-10.147],[-65.325,-10.027],[-65.328,-9.936],[-65.309,-9.873],[-65.338,-9.79],[-65.396,-9.712],[-65.437,-9.71],[-65.492,-9.732],[-65.559,-9.797],[-65.637,-9.809],[-65.707,-9.768],[-65.925,-9.785],[-66.264,-9.826],[-66.399,-9.868],[-66.479,-9.886],[-66.575,-9.9],[-66.73,-9.975],[-67.112,-10.269],[-67.19,-10.311],[-67.28,-10.317],[-67.333,-10.358],[-67.417,-10.39],[-67.582,-10.506],[-67.667,-10.599],[-67.722,-10.683],[-67.786,-10.686],[-67.835,-10.663],[-67.992,-10.674],[-68.072,-10.703],[-68.159,-10.785],[-68.267,-10.933],[-68.311,-10.975],[-68.398,-11.019],[-68.498,-11.055],[-68.623,-11.109],[-68.678,-11.113],[-68.727,-11.122],[-68.77,-11.098],[-68.784,-11.045],[-68.848,-11.011],[-69.002,-10.994],[-69.229,-10.956],[-69.463,-10.948],[-69.579,-10.952],[-69.674,-10.954],[-69.84,-10.933],[-69.96,-10.93],[-70.066,-10.982],[-70.22,-11.048],[-70.29,-11.064],[-70.342,-11.067],[-70.392,-11.059],[-70.451,-11.025],[-70.533,-10.947],[-70.597,-10.977],[-70.642,-11.01],[-70.642,-10.841],[-70.64,-10.586],[-70.639,-10.361],[-70.639,-10.182],[-70.638,-9.972],[-70.637,-9.824],[-70.594,-9.767],[-70.567,-9.705],[-70.599,-9.621],[-70.592,-9.543],[-70.57,-9.49],[-70.541,-9.438],[-70.608,-9.464],[-70.637,-9.478],[-70.672,-9.518],[-70.758,-9.572],[-70.816,-9.625],[-70.885,-9.669],[-70.971,-9.766],[-71.042,-9.819],[-71.115,-9.852],[-71.238,-9.966],[-71.339,-9.989],[-71.608,-10.006],[-71.887,-10.006],[-72.143,-10.005],[-72.182,-10.004],[-72.179,-9.91],[-72.173,-9.844],[-72.26,-9.774],[-72.266,-9.688],[-72.289,-9.629],[-72.318,-9.557],[-72.379,-9.51],[-72.465,-9.492],[-72.605,-9.452],[-72.814,-9.41],[-73.014,-9.407],[-73.209,-9.411],[-73.09,-9.266],[-72.97,-9.12],[-72.974,-8.993],[-73.071,-8.883],[-73.123,-8.814],[-73.203,-8.719],[-73.302,-8.654],[-73.357,-8.567],[-73.352,-8.514],[-73.36,-8.479],[-73.398,-8.459],[-73.436,-8.427],[-73.488,-8.392],[-73.549,-8.346],[-73.549,-8.299],[-73.572,-8.25],[-73.61,-8.192],[-73.61,-8.145],[-73.645,-8.073],[-73.683,-8.021],[-73.72,-7.986],[-73.776,-7.936],[-73.773,-7.896],[-73.732,-7.875],[-73.715,-7.829],[-73.72,-7.783],[-73.767,-7.754],[-73.822,-7.739],[-73.895,-7.655],[-73.947,-7.611],[-73.982,-7.585],[-74.002,-7.556],[-73.982,-7.536],[-73.958,-7.507],[-73.953,-7.46],[-73.964,-7.417],[-73.964,-7.379],[-73.929,-7.367],[-73.892,-7.373],[-73.854,-7.35],[-73.805,-7.341],[-73.749,-7.335],[-73.72,-7.309],[-73.723,-7.263],[-73.758,-7.173],[-73.793,-7.135],[-73.805,-7.08],[-73.776,-6.974],[-73.758,-6.906],[-73.695,-6.834],[-73.5,-6.679],[-73.325,-6.575],[-73.24,-6.564],[-73.177,-6.525],[-73.137,-6.466],[-73.126,-6.401],[-73.135,-6.344],[-73.168,-6.261],[-73.206,-6.156],[-73.236,-6.098],[-73.209,-6.029],[-73.163,-5.933],[-73.068,-5.79],[-72.98,-5.635],[-72.97,-5.59],[-72.959,-5.495],[-72.918,-5.303],[-72.896,-5.198],[-72.907,-5.158],[-72.887,-5.123],[-72.832,-5.094],[-72.699,-5.067],[-72.608,-5.01],[-72.469,-4.901],[-72.353,-4.786],[-72.257,-4.749],[-72.083,-4.642],[-71.982,-4.575],[-71.943,-4.553],[-71.845,-4.504],[-71.668,-4.487],[-71.521,-4.47],[-71.438,-4.438],[-71.317,-4.424],[-71.235,-4.388],[-71.144,-4.387],[-70.974,-4.35],[-70.916,-4.295],[-70.866,-4.23],[-70.8,-4.173],[-70.722,-4.159],[-70.635,-4.169],[-70.531,-4.168],[-70.405,-4.15],[-70.344,-4.194],[-70.317,-4.247],[-70.239,-4.301],[-70.184,-4.298],[-70.129,-4.287],[-70.053,-4.333],[-70.004,-4.327],[-69.972,-4.301],[-69.966,-4.236],[-69.948,-4.201],[-69.911,-3.997],[-69.85,-3.66],[-69.794,-3.355],[-69.733,-3.017],[-69.669,-2.668],[-69.605,-2.314],[-69.552,-2.024],[-69.506,-1.775],[-69.479,-1.622],[-69.435,-1.422],[-69.418,-1.246],[-69.4,-1.195],[-69.411,-1.152],[-69.449,-1.092],[-69.449,-1.065],[-69.444,-1.03],[-69.449,-0.999],[-69.488,-0.966],[-69.519,-0.946],[-69.544,-0.917],[-69.555,-0.877],[-69.574,-0.838],[-69.583,-0.796],[-69.612,-0.763],[-69.621,-0.721],[-69.601,-0.681],[-69.592,-0.639],[-69.601,-0.6],[-69.612,-0.553],[-69.634,-0.509],[-69.667,-0.482],[-69.747,-0.453],[-69.828,-0.381],[-69.923,-0.317],[-70.044,-0.196],[-70.071,-0.139],[-70.071,0.019],[-70.066,0.189],[-70.058,0.447],[-70.054,0.579],[-69.985,0.586],[-69.925,0.589],[-69.862,0.598],[-69.807,0.607],[-69.757,0.626],[-69.719,0.65],[-69.674,0.665],[-69.639,0.66],[-69.604,0.68],[-69.565,0.7],[-69.527,0.716],[-69.472,0.73],[-69.421,0.698],[-69.392,0.667],[-69.359,0.652],[-69.327,0.655],[-69.306,0.652],[-69.283,0.627],[-69.254,0.625],[-69.213,0.63],[-69.174,0.635],[-69.156,0.643],[-69.153,0.659],[-69.163,0.687],[-69.177,0.713],[-69.166,0.753],[-69.165,0.802],[-69.163,0.864],[-69.194,0.898],[-69.224,0.963],[-69.259,1.015],[-69.312,1.05],[-69.361,1.064],[-69.403,1.042],[-69.442,1.039],[-69.47,1.059],[-69.517,1.059],[-69.568,1.066],[-69.621,1.073],[-69.717,1.059],[-69.751,1.077],[-69.798,1.078],[-69.852,1.06],[-69.851,1.309],[-69.849,1.544],[-69.849,1.709],[-69.8,1.705],[-69.74,1.735],[-69.65,1.739],[-69.581,1.771],[-69.543,1.773],[-69.47,1.758],[-69.394,1.726],[-69.32,1.721],[-69.124,1.721],[-68.913,1.721],[-68.678,1.721],[-68.443,1.722],[-68.24,1.722],[-68.177,1.72],[-68.213,1.775],[-68.256,1.846],[-68.239,1.901],[-68.218,1.958],[-68.194,1.987],[-68.13,1.956],[-68.077,1.86],[-68.033,1.788],[-67.99,1.753],[-67.936,1.748],[-67.876,1.761],[-67.815,1.79],[-67.712,1.922],[-67.609,2.035],[-67.556,2.073],[-67.5,2.108],[-67.458,2.121],[-67.4,2.117],[-67.352,2.086],[-67.321,2.032],[-67.206,1.845],[-67.119,1.704],[-67.09,1.616],[-67.088,1.401],[-67.094,1.21],[-67.082,1.185],[-67.065,1.178],[-66.876,1.223]]],[[[-49.629,-0.229],[-49.535,-0.234],[-49.403,-0.215],[-49.314,-0.168],[-49.215,-0.159],[-49.117,-0.164],[-48.787,-0.216],[-48.588,-0.232],[-48.515,-0.248],[-48.444,-0.272],[-48.393,-0.297],[-48.38,-0.353],[-48.428,-0.442],[-48.464,-0.535],[-48.497,-0.665],[-48.523,-0.691],[-48.567,-0.684],[-48.54,-0.801],[-48.55,-0.848],[-48.571,-0.893],[-48.624,-0.987],[-48.705,-1.107],[-48.729,-1.132],[-48.79,-1.173],[-48.84,-1.227],[-48.829,-1.277],[-48.804,-1.327],[-48.834,-1.39],[-48.929,-1.482],[-48.986,-1.505],[-49.038,-1.514],[-49.087,-1.505],[-49.173,-1.413],[-49.182,-1.485],[-49.205,-1.559],[-49.234,-1.6],[-49.345,-1.595],[-49.407,-1.556],[-49.507,-1.512],[-49.526,-1.63],[-49.588,-1.712],[-49.651,-1.738],[-49.749,-1.755],[-49.805,-1.79],[-49.911,-1.763],[-50.01,-1.708],[-50.066,-1.704],[-50.109,-1.748],[-50.338,-1.756],[-50.443,-1.801],[-50.508,-1.788],[-50.602,-1.698],[-50.617,-1.638],[-50.673,-1.516],[-50.724,-1.371],[-50.76,-1.24],[-50.729,-1.127],[-50.668,-1.131],[-50.596,-1.147],[-50.581,-1.139],[-50.577,-1.103],[-50.593,-1.073],[-50.71,-1.078],[-50.783,-1.01],[-50.796,-0.906],[-50.781,-0.69],[-50.771,-0.645],[-50.72,-0.583],[-50.703,-0.529],[-50.716,-0.47],[-50.694,-0.364],[-50.646,-0.273],[-50.462,-0.157],[-50.248,-0.116],[-49.629,-0.229]]],[[[-44.129,-23.142],[-44.098,-23.169],[-44.156,-23.167],[-44.221,-23.191],[-44.32,-23.212],[-44.36,-23.172],[-44.274,-23.116],[-44.243,-23.074],[-44.22,-23.083],[-44.192,-23.113],[-44.129,-23.142]]],[[[-48.584,-26.402],[-48.603,-26.414],[-48.666,-26.29],[-48.54,-26.17],[-48.498,-26.219],[-48.531,-26.313],[-48.568,-26.38],[-48.584,-26.402]]],[[[-45.26,-23.889],[-45.261,-23.941],[-45.303,-23.915],[-45.413,-23.935],[-45.451,-23.896],[-45.302,-23.728],[-45.272,-23.752],[-45.249,-23.783],[-45.233,-23.825],[-45.25,-23.853],[-45.26,-23.889]]],[[[-44.499,-2.94],[-44.598,-3.038],[-44.565,-2.924],[-44.582,-2.846],[-44.569,-2.785],[-44.502,-2.726],[-44.481,-2.718],[-44.487,-2.79],[-44.483,-2.812],[-44.499,-2.94]]],[[[-38.744,-13.097],[-38.783,-13.119],[-38.787,-13.055],[-38.685,-12.975],[-38.668,-12.88],[-38.615,-12.924],[-38.6,-12.972],[-38.601,-12.993],[-38.744,-13.097]]],[[[-38.904,-13.473],[-38.938,-13.532],[-38.978,-13.524],[-38.993,-13.484],[-39.022,-13.446],[-39.007,-13.416],[-38.98,-13.398],[-38.907,-13.401],[-38.904,-13.473]]],[[[-44.883,-1.318],[-44.947,-1.366],[-44.968,-1.391],[-45.021,-1.372],[-45.011,-1.345],[-44.996,-1.348],[-44.979,-1.267],[-44.888,-1.277],[-44.883,-1.318]]],[[[-49.738,0.268],[-49.697,0.216],[-49.839,0.007],[-49.917,-0.023],[-50.002,-0.029],[-50.113,0.033],[-50.286,0.029],[-50.339,0.043],[-50.345,0.134],[-50.273,0.232],[-50.128,0.227],[-49.879,0.305],[-49.738,0.268]]],[[[-50.299,1.939],[-50.399,1.893],[-50.456,1.91],[-50.509,2.03],[-50.491,2.129],[-50.419,2.161],[-50.363,2.154],[-50.342,2.142],[-50.292,1.98],[-50.299,1.939]]],[[[-50.653,-0.132],[-50.926,-0.327],[-51.019,-0.263],[-51.038,-0.226],[-51.022,-0.188],[-51.026,-0.172],[-50.995,-0.105],[-50.842,-0.05],[-50.765,-0.041],[-50.667,-0.058],[-50.651,-0.106],[-50.653,-0.132]]],[[[-49.444,-0.112],[-49.709,-0.144],[-49.83,-0.094],[-49.803,-0.052],[-49.712,0.015],[-49.602,0.063],[-49.503,0.084],[-49.4,0.057],[-49.372,0.001],[-49.381,-0.055],[-49.444,-0.112]]],[[[-50.426,0.139],[-50.444,-0.008],[-50.624,0.054],[-50.61,0.205],[-50.526,0.247],[-50.452,0.327],[-50.426,0.425],[-50.425,0.558],[-50.397,0.581],[-50.373,0.591],[-50.351,0.582],[-50.343,0.382],[-50.332,0.259],[-50.426,0.139]]],[[[-50.153,0.393],[-50.261,0.359],[-50.282,0.391],[-50.282,0.517],[-50.251,0.585],[-50.113,0.605],[-50.099,0.625],[-50.059,0.638],[-50.037,0.595],[-50.04,0.523],[-50.153,0.393]]],[[[-51.833,-1.434],[-51.938,-1.453],[-51.802,-1.203],[-51.68,-1.086],[-51.678,-0.855],[-51.546,-0.65],[-51.424,-0.566],[-51.254,-0.541],[-51.161,-0.667],[-51.276,-1.022],[-51.31,-1.024],[-51.465,-1.211],[-51.638,-1.342],[-51.833,-1.434]]],[[[-48.486,-27.767],[-48.555,-27.812],[-48.542,-27.575],[-48.505,-27.496],[-48.465,-27.436],[-48.415,-27.4],[-48.378,-27.451],[-48.41,-27.566],[-48.497,-27.707],[-48.486,-27.767]]]]}}]}